Fact_Key,Month_Key,Country_Key,Population_Key,Education_Key,Health_Key,QOL_Key,Event_Key,HDI_Measure,QOL_Measure,Dev_Measure
114,6,96,96,0,0,0,-1,3,4,2
117,2,96,96,0,0,0,-1,3,4,2
125,7,96,96,0,0,0,-1,3,4,2
143,4,96,96,0,0,0,-1,3,4,2
144,3,96,96,0,0,0,-1,3,4,2
152,5,96,96,0,0,0,-1,3,4,2
158,8,96,96,0,0,0,-1,3,4,2
166,10,96,96,0,0,0,-1,3,4,2
167,0,96,96,0,0,0,-1,3,4,2
176,11,96,96,0,0,0,-1,3,4,2
188,9,96,96,0,0,0,-1,3,4,2
192,1,96,96,0,0,0,-1,3,4,2
4,17,97,97,1,1,1,-1,3,4,2
10,18,97,97,1,1,1,-1,3,4,2
17,19,97,97,1,1,1,-1,3,4,2
23,20,97,97,1,1,1,-1,3,4,2
29,12,97,97,1,1,1,68,3,4,2
34,13,97,97,1,1,1,68,3,4,2
40,16,97,97,1,1,1,-1,3,4,2
42,14,97,97,1,1,1,68,3,4,2
48,15,97,97,1,1,1,68,3,4,2
85,21,97,97,1,1,1,-1,3,4,2
92,22,97,97,1,1,1,-1,3,4,2
98,23,97,97,1,1,1,-1,3,4,2
60,26,98,98,2,2,2,63,3,4,2
61,32,98,98,2,2,2,-1,3,4,2
67,27,98,98,2,2,2,63,3,4,2
72,28,98,98,2,2,2,63,3,4,2
78,30,98,98,2,2,2,-1,3,4,2
80,29,98,98,2,2,2,-1,3,4,2
81,31,98,98,2,2,2,-1,3,4,2
83,25,98,98,2,2,2,63,3,4,2
84,33,98,98,2,2,2,-1,3,4,2
91,35,98,98,2,2,2,-1,3,4,2
100,34,98,98,2,2,2,-1,3,4,2
105,24,98,98,2,2,2,63,3,4,2
2,39,99,99,3,3,3,-1,3,4,2
9,38,99,99,3,3,3,-1,3,4,2
18,37,99,99,3,3,3,-1,3,4,2
31,42,99,99,3,3,3,-1,3,4,2
39,41,99,99,3,3,3,-1,3,4,2
47,40,99,99,3,3,3,-1,3,4,2
56,36,99,99,3,3,3,-1,3,4,2
124,46,99,99,3,3,3,-1,3,4,2
154,47,99,99,3,3,3,-1,3,4,2
161,44,99,99,3,3,3,-1,3,4,2
174,43,99,99,3,3,3,-1,3,4,2
187,45,99,99,3,3,3,-1,3,4,2
123,56,100,100,4,4,4,-1,3,4,2
130,50,100,100,4,4,4,-1,3,4,2
142,48,100,100,4,4,4,-1,3,4,2
145,54,100,100,4,4,4,-1,3,4,2
148,49,100,100,4,4,4,-1,3,4,2
149,55,100,100,4,4,4,-1,3,4,2
156,59,100,100,4,4,4,-1,3,4,2
160,57,100,100,4,4,4,-1,3,4,2
162,53,100,100,4,4,4,-1,3,4,2
163,58,100,100,4,4,4,-1,3,4,2
172,51,100,100,4,4,4,-1,3,4,2
175,52,100,100,4,4,4,-1,3,4,2
12,62,101,101,5,5,5,-1,3,4,2
13,63,101,101,5,5,5,-1,3,4,2
22,64,101,101,5,5,5,-1,3,4,2
37,60,101,101,5,5,5,65,3,4,2
43,70,101,101,5,5,5,-1,3,4,2
46,61,101,101,5,5,5,-1,3,4,2
64,68,101,101,5,5,5,-1,3,4,2
73,69,101,101,5,5,5,-1,3,4,2
74,71,101,101,5,5,5,-1,3,4,2
90,65,101,101,5,5,5,-1,3,4,2
99,66,101,101,5,5,5,-1,3,4,2
109,67,101,101,5,5,5,-1,3,4,2
7,80,102,102,6,6,6,-1,3,4,2
14,79,102,102,6,6,6,-1,3,4,2
21,78,102,102,6,6,6,-1,3,4,2
27,81,102,102,6,6,6,-1,3,4,2
41,83,102,102,6,6,6,-1,3,4,2
49,82,102,102,6,6,6,-1,3,4,2
59,73,102,102,6,6,6,-1,3,4,2
69,72,102,102,6,6,6,-1,3,4,2
86,77,102,102,6,6,6,-1,3,4,2
94,76,102,102,6,6,6,-1,3,4,2
101,75,102,102,6,6,6,-1,3,4,2
108,74,102,102,6,6,6,-1,3,4,2
33,84,103,103,7,7,7,-1,3,4,2
121,89,103,103,7,7,7,-1,3,4,2
122,93,103,103,7,7,7,-1,3,4,2
135,88,103,103,7,7,7,-1,3,4,2
137,90,103,103,7,7,7,-1,3,4,2
141,92,103,103,7,7,7,-1,3,4,2
146,91,103,103,7,7,7,-1,3,4,2
153,95,103,103,7,7,7,-1,3,4,2
168,86,103,103,7,7,7,-1,3,4,2
178,85,103,103,7,7,7,-1,3,4,2
189,87,103,103,7,7,7,-1,3,4,2
191,94,103,103,7,7,7,-1,3,4,2
30,106,104,104,8,8,8,-1,3,4,2
36,107,104,104,8,8,8,-1,3,4,2
115,101,104,104,8,8,8,62,3,4,2
126,102,104,104,8,8,8,62,3,4,2
132,97,104,104,8,8,8,62,3,4,2
133,97,104,104,8,8,8,67,3,4,2
136,98,104,104,8,8,8,62,3,4,2
139,99,104,104,8,8,8,62,3,4,2
150,100,104,104,8,8,8,62,3,4,2
164,96,104,104,8,8,8,62,3,4,2
165,96,104,104,8,8,8,67,3,4,2
170,104,104,104,8,8,8,62,3,4,2
173,105,104,104,8,8,8,-1,3,4,2
186,103,104,104,8,8,8,62,3,4,2
3,110,105,105,9,9,9,-1,3,4,2
11,111,105,105,9,9,9,-1,3,4,2
19,112,105,105,9,9,9,-1,3,4,2
51,109,105,105,9,9,9,-1,3,4,2
54,113,105,105,9,9,9,-1,3,4,2
62,118,105,105,9,9,9,-1,3,4,2
71,119,105,105,9,9,9,-1,3,4,2
82,117,105,105,9,9,9,-1,3,4,2
89,114,105,105,9,9,9,-1,3,4,2
97,115,105,105,9,9,9,-1,3,4,2
106,116,105,105,9,9,9,-1,3,4,2
112,108,105,105,9,9,9,-1,3,4,2
6,128,106,106,10,10,10,-1,3,4,2
16,127,106,106,10,10,10,-1,3,4,2
26,126,106,106,10,10,10,-1,3,4,2
52,129,106,106,10,10,10,-1,3,4,2
53,130,106,106,10,10,10,-1,3,4,2
58,123,106,106,10,10,10,-1,3,4,2
66,122,106,106,10,10,10,-1,3,4,2
77,121,106,106,10,10,10,-1,3,4,2
79,120,106,106,10,10,10,69,3,4,2
93,125,106,106,10,10,10,-1,3,4,2
103,124,106,106,10,10,10,-1,3,4,2
110,131,106,106,10,10,10,-1,3,4,2
57,139,107,107,11,11,11,60,3,4,2
116,137,107,107,11,11,11,60,3,4,2
119,141,107,107,11,11,11,60,3,4,2
127,134,107,107,11,11,11,60,3,4,2
129,142,107,107,11,11,11,60,3,4,2
134,135,107,107,11,11,11,60,3,4,2
140,136,107,107,11,11,11,60,3,4,2
151,143,107,107,11,11,11,60,3,4,2
180,132,107,107,11,11,11,-1,3,4,2
182,138,107,107,11,11,11,60,3,4,2
183,140,107,107,11,11,11,60,3,4,2
190,133,107,107,11,11,11,-1,3,4,2
5,152,108,108,12,12,12,-1,3,4,2
15,153,108,108,12,12,12,-1,3,4,2
24,154,108,108,12,12,12,-1,3,4,2
28,151,108,108,12,12,12,-1,3,4,2
35,149,108,108,12,12,12,-1,3,4,2
45,150,108,108,12,12,12,-1,3,4,2
87,155,108,108,12,12,12,-1,3,4,2
111,148,108,108,12,12,12,-1,3,4,2
118,144,108,108,12,12,12,-1,3,4,2
131,145,108,108,12,12,12,-1,3,4,2
169,147,108,108,12,12,12,-1,3,4,2
185,146,108,108,12,12,12,-1,3,4,2
0,165,109,109,13,13,13,-1,3,4,2
63,164,109,109,13,13,13,-1,3,4,2
65,159,109,109,13,13,13,-1,3,4,2
68,158,109,109,13,13,13,-1,3,4,2
70,163,109,109,13,13,13,-1,3,4,2
75,160,109,109,13,13,13,-1,3,4,2
76,162,109,109,13,13,13,-1,3,4,2
96,156,109,109,13,13,13,-1,3,4,2
102,167,109,109,13,13,13,-1,3,4,2
104,157,109,109,13,13,13,-1,3,4,2
107,166,109,109,13,13,13,-1,3,4,2
113,161,109,109,13,13,13,-1,3,4,2
1,174,110,110,14,14,14,-1,3,4,2
8,173,110,110,14,14,14,-1,3,4,2
20,171,110,110,14,14,14,-1,3,4,2
25,172,110,110,14,14,14,-1,3,4,2
32,178,110,110,14,14,14,-1,3,4,2
38,177,110,110,14,14,14,-1,3,4,2
44,176,110,110,14,14,14,-1,3,4,2
50,175,110,110,14,14,14,-1,3,4,2
55,170,110,110,14,14,14,-1,3,4,2
88,169,110,110,14,14,14,-1,3,4,2
95,168,110,110,14,14,14,-1,3,4,2
179,179,110,110,14,14,14,-1,3,4,2
120,184,111,111,15,15,15,-1,3,4,2
128,183,111,111,15,15,15,-1,3,4,2
138,187,111,111,15,15,15,-1,3,4,2
147,186,111,111,15,15,15,-1,3,4,2
155,188,111,111,15,15,15,-1,3,4,2
157,185,111,111,15,15,15,-1,3,4,2
159,189,111,111,15,15,15,-1,3,4,2
171,180,111,111,15,15,15,-1,3,4,2
177,191,111,111,15,15,15,-1,3,4,2
181,181,111,111,15,15,15,-1,3,4,2
184,182,111,111,15,15,15,-1,3,4,2
193,190,111,111,15,15,15,-1,3,4,2
277,6,48,48,16,16,16,-1,4,5,3
300,4,48,48,16,16,16,-1,4,5,3
302,5,48,48,16,16,16,-1,4,5,3
310,10,48,48,16,16,16,-1,4,5,3
314,8,48,48,16,16,16,-1,4,5,3
317,11,48,48,16,16,16,-1,4,5,3
330,7,48,48,16,16,16,-1,4,5,3
349,1,48,48,16,16,16,39,4,5,3
359,0,48,48,16,16,16,30,4,5,3
366,9,48,48,16,16,16,-1,4,5,3
367,2,48,48,16,16,16,-1,4,5,3
381,3,48,48,16,16,16,-1,4,5,3
276,15,49,49,17,17,17,-1,4,5,3
282,16,49,49,17,17,17,-1,4,5,3
286,17,49,49,17,17,17,-1,4,5,3
292,18,49,49,17,17,17,-1,4,5,3
297,19,49,49,17,17,17,-1,4,5,3
301,20,49,49,17,17,17,-1,4,5,3
321,12,49,49,17,17,17,30,4,5,3
326,13,49,49,17,17,17,-1,4,5,3
332,14,49,49,17,17,17,-1,4,5,3
370,21,49,49,17,17,17,-1,4,5,3
375,22,49,49,17,17,17,-1,4,5,3
380,23,49,49,17,17,17,-1,4,5,3
194,30,50,50,18,18,18,-1,4,5,3
200,32,50,50,18,18,18,-1,4,5,3
215,33,50,50,18,18,18,-1,4,5,3
217,31,50,50,18,18,18,-1,4,5,3
220,34,50,50,18,18,18,-1,4,5,3
252,35,50,50,18,18,18,-1,4,5,3
338,25,50,50,18,18,18,31,4,5,3
345,26,50,50,18,18,18,-1,4,5,3
350,27,50,50,18,18,18,-1,4,5,3
354,28,50,50,18,18,18,-1,4,5,3
361,29,50,50,18,18,18,-1,4,5,3
365,24,50,50,18,18,18,34,4,5,3
221,43,51,51,19,19,19,-1,4,5,3
226,45,51,51,19,19,19,-1,4,5,3
228,40,51,51,19,19,19,-1,4,5,3
233,39,51,51,19,19,19,-1,4,5,3
235,41,51,51,19,19,19,-1,4,5,3
236,44,51,51,19,19,19,-1,4,5,3
240,42,51,51,19,19,19,-1,4,5,3
257,36,51,51,19,19,19,-1,4,5,3
260,47,51,51,19,19,19,-1,4,5,3
262,37,51,51,19,19,19,-1,4,5,3
268,38,51,51,19,19,19,-1,4,5,3
269,46,51,51,19,19,19,-1,4,5,3
202,49,52,52,20,20,20,-1,4,5,3
211,50,52,52,20,20,20,-1,4,5,3
214,51,52,52,20,20,20,38,4,5,3
216,54,52,52,20,20,20,-1,4,5,3
219,53,52,52,20,20,20,-1,4,5,3
222,55,52,52,20,20,20,-1,4,5,3
230,58,52,52,20,20,20,-1,4,5,3
238,59,52,52,20,20,20,-1,4,5,3
247,57,52,52,20,20,20,-1,4,5,3
255,48,52,52,20,20,20,-1,4,5,3
261,56,52,52,20,20,20,-1,4,5,3
274,52,52,52,20,20,20,-1,4,5,3
195,70,53,53,21,21,21,-1,4,5,3
199,67,53,53,21,21,21,-1,4,5,3
206,69,53,53,21,21,21,-1,4,5,3
218,68,53,53,21,21,21,-1,4,5,3
227,62,53,53,21,21,21,-1,4,5,3
241,60,53,53,21,21,21,-1,4,5,3
245,61,53,53,21,21,21,-1,4,5,3
248,63,53,53,21,21,21,-1,4,5,3
250,66,53,53,21,21,21,-1,4,5,3
258,65,53,53,21,21,21,-1,4,5,3
266,64,53,53,21,21,21,-1,4,5,3
360,71,53,53,21,21,21,-1,4,5,3
275,83,54,54,22,22,22,-1,4,5,3
281,82,54,54,22,22,22,-1,4,5,3
285,81,54,54,22,22,22,-1,4,5,3
293,80,54,54,22,22,22,-1,4,5,3
299,79,54,54,22,22,22,-1,4,5,3
341,74,54,54,22,22,22,-1,4,5,3
348,73,54,54,22,22,22,-1,4,5,3
353,72,54,54,22,22,22,-1,4,5,3
364,75,54,54,22,22,22,-1,4,5,3
368,78,54,54,22,22,22,-1,4,5,3
374,77,54,54,22,22,22,-1,4,5,3
379,76,54,54,22,22,22,-1,4,5,3
288,90,55,55,23,23,23,-1,4,5,3
290,91,55,55,23,23,23,-1,4,5,3
306,88,55,55,23,23,23,-1,4,5,3
309,87,55,55,23,23,23,-1,4,5,3
316,86,55,55,23,23,23,-1,4,5,3
319,89,55,55,23,23,23,-1,4,5,3
322,85,55,55,23,23,23,-1,4,5,3
329,84,55,55,23,23,23,-1,4,5,3
339,92,55,55,23,23,23,-1,4,5,3
342,94,55,55,23,23,23,-1,4,5,3
357,95,55,55,23,23,23,-1,4,5,3
377,93,55,55,23,23,23,-1,4,5,3
278,101,56,56,24,24,24,-1,4,5,3
295,100,56,56,24,24,24,-1,4,5,3
308,104,56,56,24,24,24,-1,4,5,3
311,103,56,56,24,24,24,-1,4,5,3
315,105,56,56,24,24,24,-1,4,5,3
320,106,56,56,24,24,24,-1,4,5,3
325,102,56,56,24,24,24,-1,4,5,3
327,107,56,56,24,24,24,-1,4,5,3
344,97,56,56,24,24,24,-1,4,5,3
363,96,56,56,24,24,24,-1,4,5,3
369,99,56,56,24,24,24,-1,4,5,3
384,98,56,56,24,24,24,-1,4,5,3
280,109,57,57,25,25,25,35,4,5,3
284,110,57,57,25,25,25,35,4,5,3
291,111,57,57,25,25,25,-1,4,5,3
298,112,57,57,25,25,25,-1,4,5,3
304,108,57,57,25,25,25,-1,4,5,3
334,113,57,57,25,25,25,-1,4,5,3
336,117,57,57,25,25,25,-1,4,5,3
347,118,57,57,25,25,25,-1,4,5,3
352,119,57,57,25,25,25,-1,4,5,3
373,114,57,57,25,25,25,-1,4,5,3
378,115,57,57,25,25,25,-1,4,5,3
382,116,57,57,25,25,25,-1,4,5,3
201,124,58,58,26,26,26,-1,4,5,3
204,122,58,58,26,26,26,-1,4,5,3
213,123,58,58,26,26,26,-1,4,5,3
225,129,58,58,26,26,26,-1,4,5,3
232,130,58,58,26,26,26,-1,4,5,3
239,131,58,58,26,26,26,-1,4,5,3
249,125,58,58,26,26,26,-1,4,5,3
256,126,58,58,26,26,26,-1,4,5,3
263,127,58,58,26,26,26,-1,4,5,3
271,128,58,58,26,26,26,-1,4,5,3
303,121,58,58,26,26,26,-1,4,5,3
358,120,58,58,26,26,26,-1,4,5,3
196,138,59,59,27,27,27,-1,4,5,3
198,139,59,59,27,27,27,-1,4,5,3
203,142,59,59,27,27,27,-1,4,5,3
208,141,59,59,27,27,27,-1,4,5,3
209,137,59,59,27,27,27,-1,4,5,3
210,140,59,59,27,27,27,-1,4,5,3
231,133,59,59,27,27,27,-1,4,5,3
244,132,59,59,27,27,27,-1,4,5,3
246,134,59,59,27,27,27,-1,4,5,3
251,143,59,59,27,27,27,-1,4,5,3
253,136,59,59,27,27,27,-1,4,5,3
265,135,59,59,27,27,27,-1,4,5,3
223,152,60,60,28,28,28,-1,4,5,3
224,146,60,60,28,28,28,-1,4,5,3
229,151,60,60,28,28,28,-1,4,5,3
234,147,60,60,28,28,28,-1,4,5,3
237,150,60,60,28,28,28,-1,4,5,3
242,148,60,60,28,28,28,-1,4,5,3
243,149,60,60,28,28,28,-1,4,5,3
259,144,60,60,28,28,28,-1,4,5,3
264,154,60,60,28,28,28,-1,4,5,3
267,145,60,60,28,28,28,-1,4,5,3
270,153,60,60,28,28,28,-1,4,5,3
273,155,60,60,28,28,28,-1,4,5,3
197,161,61,61,29,29,29,-1,4,5,3
205,159,61,61,29,29,29,-1,4,5,3
207,160,61,61,29,29,29,-1,4,5,3
212,158,61,61,29,29,29,-1,4,5,3
254,156,61,61,29,29,29,36,4,5,3
272,157,61,61,29,29,29,-1,4,5,3
337,167,61,61,29,29,29,-1,4,5,3
340,166,61,61,29,29,29,-1,4,5,3
346,165,61,61,29,29,29,-1,4,5,3
351,164,61,61,29,29,29,-1,4,5,3
356,163,61,61,29,29,29,-1,4,5,3
362,162,61,61,29,29,29,-1,4,5,3
279,176,62,62,30,30,30,-1,4,5,3
283,175,62,62,30,30,30,-1,4,5,3
287,174,62,62,30,30,30,-1,4,5,3
294,173,62,62,30,30,30,-1,4,5,3
305,177,62,62,30,30,30,-1,4,5,3
324,179,62,62,30,30,30,37,4,5,3
328,178,62,62,30,30,30,-1,4,5,3
333,171,62,62,30,30,30,-1,4,5,3
335,172,62,62,30,30,30,-1,4,5,3
372,170,62,62,30,30,30,-1,4,5,3
376,169,62,62,30,30,30,-1,4,5,3
383,168,62,62,30,30,30,-1,4,5,3
289,186,63,63,31,31,31,-1,4,5,3
296,187,63,63,31,31,31,-1,4,5,3
307,182,63,63,31,31,31,-1,4,5,3
312,181,63,63,31,31,31,-1,4,5,3
313,183,63,63,31,31,31,-1,4,5,3
318,180,63,63,31,31,31,-1,4,5,3
323,184,63,63,31,31,31,-1,4,5,3
331,185,63,63,31,31,31,-1,4,5,3
343,190,63,63,31,31,31,-1,4,5,3
355,191,63,63,31,31,31,-1,4,5,3
371,188,63,63,31,31,31,-1,4,5,3
385,189,63,63,31,31,31,-1,4,5,3
472,0,0,0,32,32,32,-1,2,1,1
489,3,0,0,32,32,32,-1,2,1,1
491,8,0,0,32,32,32,-1,2,1,1
504,4,0,0,32,32,32,-1,2,1,1
508,6,0,0,32,32,32,8,2,1,1
523,5,0,0,32,32,32,8,2,1,1
535,7,0,0,32,32,32,-1,2,1,1
546,9,0,0,32,32,32,-1,2,1,1
557,1,0,0,32,32,32,-1,2,1,1
564,10,0,0,32,32,32,-1,2,1,1
568,2,0,0,32,32,32,-1,2,1,1
575,11,0,0,32,32,32,-1,2,1,1
477,21,1,1,33,33,33,-1,2,1,1
485,20,1,1,33,33,33,-1,2,1,1
496,18,1,1,33,33,33,-1,2,1,1
501,17,1,1,33,33,33,-1,2,1,1
533,23,1,1,33,33,33,-1,2,1,1
537,22,1,1,33,33,33,-1,2,1,1
539,19,1,1,33,33,33,-1,2,1,1
547,14,1,1,33,33,33,-1,2,1,1
553,12,1,1,33,33,33,-1,2,1,1
560,13,1,1,33,33,33,-1,2,1,1
567,16,1,1,33,33,33,-1,2,1,1
571,15,1,1,33,33,33,-1,2,1,1
474,31,2,2,34,34,34,-1,2,1,1
507,35,2,2,34,34,34,-1,2,1,1
509,28,2,2,34,34,34,-1,2,1,1
510,27,2,2,34,34,34,-1,2,1,1
513,29,2,2,34,34,34,-1,2,1,1
516,26,2,2,34,34,34,-1,2,1,1
517,30,2,2,34,34,34,-1,2,1,1
520,25,2,2,34,34,34,-1,2,1,1
524,32,2,2,34,34,34,-1,2,1,1
526,24,2,2,34,34,34,-1,2,1,1
529,33,2,2,34,34,34,-1,2,1,1
532,34,2,2,34,34,34,-1,2,1,1
476,36,3,3,35,35,35,-1,2,1,1
480,37,3,3,35,35,35,-1,2,1,1
483,38,3,3,35,35,35,-1,2,1,1
488,39,3,3,35,35,35,-1,2,1,1
492,40,3,3,35,35,35,-1,2,1,1
495,41,3,3,35,35,35,-1,2,1,1
500,42,3,3,35,35,35,-1,2,1,1
538,43,3,3,35,35,35,5,2,1,1
544,46,3,3,35,35,35,-1,2,1,1
552,47,3,3,35,35,35,-1,2,1,1
562,45,3,3,35,35,35,-1,2,1,1
570,44,3,3,35,35,35,-1,2,1,1
387,56,4,4,36,36,36,-1,2,1,1
388,55,4,4,36,36,36,-1,2,1,1
393,54,4,4,36,36,36,-1,2,1,1
401,53,4,4,36,36,36,-1,2,1,1
404,57,4,4,36,36,36,-1,2,1,1
412,58,4,4,36,36,36,-1,2,1,1
448,59,4,4,36,36,36,-1,2,1,1
548,50,4,4,36,36,36,-1,2,1,1
558,49,4,4,36,36,36,-1,2,1,1
559,48,4,4,36,36,36,-1,2,1,1
565,52,4,4,36,36,36,-1,2,1,1
577,51,4,4,36,36,36,-1,2,1,1
414,65,5,5,37,37,37,-1,1,1,1
418,66,5,5,37,37,37,-1,1,1,1
424,67,5,5,37,37,37,-1,1,1,1
428,68,5,5,37,37,37,-1,1,1,1
434,69,5,5,37,37,37,-1,1,1,1
438,70,5,5,37,37,37,-1,1,1,1
439,71,5,5,37,37,37,-1,1,1,1
452,60,5,5,37,37,37,-1,1,1,1
457,61,5,5,37,37,37,-1,1,1,1
462,62,5,5,37,37,37,-1,1,1,1
466,63,5,5,37,37,37,-1,1,1,1
471,64,5,5,37,37,37,-1,1,1,1
415,78,6,6,38,38,38,-1,1,1,1
419,77,6,6,38,38,38,-1,1,1,1
421,76,6,6,38,38,38,6,1,1,1
425,75,6,6,38,38,38,-1,1,1,1
429,74,6,6,38,38,38,-1,1,1,1
431,73,6,6,38,38,38,-1,1,1,1
435,72,6,6,38,38,38,-1,1,1,1
442,79,6,6,38,38,38,-1,1,1,1
459,83,6,6,38,38,38,-1,1,1,1
463,82,6,6,38,38,38,-1,1,1,1
467,81,6,6,38,38,38,-1,1,1,1
469,80,6,6,38,38,38,-1,1,1,1
392,88,7,7,39,39,39,-1,1,1,1
394,92,7,7,39,39,39,-1,1,1,1
395,91,7,7,39,39,39,-1,1,1,1
398,94,7,7,39,39,39,-1,1,1,1
399,89,7,7,39,39,39,-1,1,1,1
402,95,7,7,39,39,39,-1,1,1,1
406,93,7,7,39,39,39,-1,1,1,1
408,90,7,7,39,39,39,-1,1,1,1
445,87,7,7,39,39,39,-1,1,1,1
449,86,7,7,39,39,39,-1,1,1,1
453,85,7,7,39,39,39,-1,1,1,1
455,84,7,7,39,39,39,-1,1,1,1
386,102,8,8,40,40,40,-1,1,1,1
390,98,8,8,40,40,40,-1,1,1,1
396,103,8,8,40,40,40,-1,1,1,1
397,100,8,8,40,40,40,-1,1,1,1
400,99,8,8,40,40,40,-1,1,1,1
403,97,8,8,40,40,40,-1,1,1,1
405,101,8,8,40,40,40,0,1,1,1
444,104,8,8,40,40,40,-1,1,1,1
446,105,8,8,40,40,40,-1,1,1,1
450,106,8,8,40,40,40,-1,1,1,1
454,107,8,8,40,40,40,-1,1,1,1
473,96,8,8,40,40,40,-1,1,1,1
416,114,9,9,41,41,41,-1,1,1,1
420,115,9,9,41,41,41,7,1,1,1
423,116,9,9,41,41,41,-1,1,1,1
426,117,9,9,41,41,41,-1,1,1,1
430,118,9,9,41,41,41,-1,1,1,1
433,119,9,9,41,41,41,-1,1,1,1
440,113,9,9,41,41,41,-1,1,1,1
458,108,9,9,41,41,41,-1,1,1,1
460,109,9,9,41,41,41,-1,1,1,1
464,110,9,9,41,41,41,-1,1,1,1
468,111,9,9,41,41,41,-1,1,1,1
470,112,9,9,41,41,41,-1,1,1,1
411,121,10,10,42,42,42,-1,1,1,1
413,127,10,10,42,42,42,-1,1,1,1
417,126,10,10,42,42,42,3,1,1,1
422,125,10,10,42,42,42,-1,1,1,1
427,124,10,10,42,42,42,-1,1,1,1
432,123,10,10,42,42,42,-1,1,1,1
436,120,10,10,42,42,42,-1,1,1,1
437,122,10,10,42,42,42,-1,1,1,1
443,128,10,10,42,42,42,-1,1,1,1
456,131,10,10,42,42,42,-1,1,1,1
461,130,10,10,42,42,42,-1,1,1,1
465,129,10,10,42,42,42,-1,1,1,1
389,138,11,11,43,43,43,1,1,1,1
391,139,11,11,43,43,43,-1,1,1,1
407,135,11,11,43,43,43,-1,1,1,1
409,136,11,11,43,43,43,1,1,1,1
410,137,11,11,43,43,43,1,1,1,1
441,134,11,11,43,43,43,-1,1,1,1
447,133,11,11,43,43,43,-1,1,1,1
451,132,11,11,43,43,43,-1,1,1,1
541,141,11,11,43,43,43,-1,1,1,1
543,143,11,11,43,43,43,-1,1,1,1
555,142,11,11,43,43,43,-1,1,1,1
569,140,11,11,43,43,43,-1,1,1,1
478,155,12,12,44,44,44,-1,1,1,1
482,154,12,12,44,44,44,-1,1,1,1
486,153,12,12,44,44,44,-1,1,1,1
490,152,12,12,44,44,44,-1,1,1,1
494,151,12,12,44,44,44,-1,1,1,1
498,150,12,12,44,44,44,-1,1,1,1
502,149,12,12,44,44,44,-1,1,1,1
542,146,12,12,44,44,44,-1,1,1,1
549,145,12,12,44,44,44,-1,1,1,1
556,144,12,12,44,44,44,-1,1,1,1
566,148,12,12,44,44,44,-1,1,1,1
574,147,12,12,44,44,44,-1,1,1,1
506,156,13,13,45,45,45,-1,1,1,1
511,163,13,13,45,45,45,9,1,1,1
514,165,13,13,45,45,45,-1,1,1,1
515,162,13,13,45,45,45,9,1,1,1
518,166,13,13,45,45,45,-1,1,1,1
519,161,13,13,45,45,45,-1,1,1,1
521,167,13,13,45,45,45,-1,1,1,1
522,160,13,13,45,45,45,-1,1,1,1
525,159,13,13,45,45,45,-1,1,1,1
531,158,13,13,45,45,45,-1,1,1,1
536,157,13,13,45,45,45,-1,1,1,1
540,164,13,13,45,45,45,-1,1,1,1
475,170,14,14,46,46,46,-1,1,1,1
481,171,14,14,46,46,46,-1,1,1,1
487,172,14,14,46,46,46,-1,1,1,1
493,173,14,14,46,46,46,-1,1,1,1
497,174,14,14,46,46,46,-1,1,1,1
503,175,14,14,46,46,46,-1,1,1,1
530,168,14,14,46,46,46,-1,1,1,1
534,169,14,14,46,46,46,-1,1,1,1
554,178,14,14,46,46,46,-1,1,1,1
563,177,14,14,46,46,46,-1,1,1,1
573,176,14,14,46,46,46,-1,1,1,1
576,179,14,14,46,46,46,-1,1,1,1
479,188,15,15,47,47,47,-1,1,1,1
484,184,15,15,47,47,47,-1,1,1,1
499,189,15,15,47,47,47,-1,1,1,1
505,183,15,15,47,47,47,4,1,1,1
512,186,15,15,47,47,47,-1,1,1,1
527,187,15,15,47,47,47,-1,1,1,1
528,185,15,15,47,47,47,2,1,1,1
545,180,15,15,47,47,47,-1,1,1,1
550,190,15,15,47,47,47,-1,1,1,1
551,182,15,15,47,47,47,-1,1,1,1
561,191,15,15,47,47,47,-1,1,1,1
572,181,15,15,47,47,47,-1,1,1,1
578,11,64,64,48,48,48,-1,4,5,3
586,10,64,64,48,48,48,-1,4,5,3
606,6,64,64,48,48,48,-1,4,5,3
610,9,64,64,48,48,48,-1,4,5,3
629,8,64,64,48,48,48,-1,4,5,3
645,7,64,64,48,48,48,-1,4,5,3
674,2,64,64,48,48,48,-1,4,5,3
695,0,64,64,48,48,48,-1,4,5,3
712,1,64,64,48,48,48,-1,4,5,3
719,4,64,64,48,48,48,-1,4,5,3
738,5,64,64,48,48,48,-1,4,5,3
752,3,64,64,48,48,48,-1,4,5,3
583,23,65,65,49,49,49,-1,4,5,3
587,12,65,65,49,49,49,-1,4,5,3
611,19,65,65,49,49,49,-1,4,5,3
617,18,65,65,49,49,49,-1,4,5,3
623,17,65,65,49,49,49,-1,4,5,3
631,15,65,65,49,49,49,-1,4,5,3
635,22,65,65,49,49,49,-1,4,5,3
639,16,65,65,49,49,49,-1,4,5,3
641,13,65,65,49,49,49,-1,4,5,3
643,21,65,65,49,49,49,-1,4,5,3
651,20,65,65,49,49,49,-1,4,5,3
654,14,65,65,49,49,49,-1,4,5,3
595,24,66,66,50,50,50,-1,4,5,3
601,25,66,66,50,50,50,-1,4,5,3
603,26,66,66,50,50,50,-1,4,5,3
614,27,66,66,50,50,50,-1,4,5,3
724,32,66,66,50,50,50,44,4,5,3
728,31,66,66,50,50,50,44,4,5,3
734,30,66,66,50,50,50,-1,4,5,3
739,29,66,66,50,50,50,-1,4,5,3
743,28,66,66,50,50,50,-1,4,5,3
748,33,66,66,50,50,50,-1,4,5,3
762,35,66,66,50,50,50,-1,4,5,3
766,34,66,66,50,50,50,-1,4,5,3
663,44,67,67,51,51,51,49,4,5,3
667,43,67,67,51,51,51,-1,4,5,3
671,45,67,67,51,51,51,-1,4,5,3
672,42,67,67,51,51,51,-1,4,5,3
675,41,67,67,51,51,51,-1,4,5,3
680,40,67,67,51,51,51,-1,4,5,3
684,39,67,67,51,51,51,-1,4,5,3
707,47,67,67,51,51,51,-1,4,5,3
713,46,67,67,51,51,51,-1,4,5,3
750,38,67,67,51,51,51,-1,4,5,3
755,37,67,67,51,51,51,-1,4,5,3
757,36,67,67,51,51,51,-1,4,5,3
657,52,68,68,52,52,52,-1,4,5,3
662,58,68,68,52,52,52,-1,4,5,3
666,59,68,68,52,52,52,-1,4,5,3
691,51,68,68,52,52,52,-1,4,5,3
694,53,68,68,52,52,52,-1,4,5,3
696,50,68,68,52,52,52,-1,4,5,3
700,54,68,68,52,52,52,-1,4,5,3
701,57,68,68,52,52,52,-1,4,5,3
702,49,68,68,52,52,52,-1,4,5,3
704,55,68,68,52,52,52,48,4,5,3
705,48,68,68,52,52,52,-1,4,5,3
710,56,68,68,52,52,52,-1,4,5,3
678,61,69,69,53,53,53,-1,4,5,3
685,60,69,69,53,53,53,-1,4,5,3
717,62,69,69,53,53,53,-1,4,5,3
718,63,69,69,53,53,53,-1,4,5,3
723,68,69,69,53,53,53,45,4,5,3
727,69,69,69,53,53,53,-1,4,5,3
735,70,69,69,53,53,53,-1,4,5,3
742,71,69,69,53,53,53,-1,4,5,3
746,67,69,69,53,53,53,45,4,5,3
754,64,69,69,53,53,53,-1,4,5,3
758,65,69,69,53,53,53,-1,4,5,3
767,66,69,69,53,53,53,-1,4,5,3
594,75,70,70,54,54,54,-1,4,5,3
598,74,70,70,54,54,54,-1,4,5,3
604,73,70,70,54,54,54,-1,4,5,3
618,80,70,70,54,54,54,47,4,5,3
620,79,70,70,54,54,54,47,4,5,3
625,82,70,70,54,54,54,-1,4,5,3
628,81,70,70,54,54,54,47,4,5,3
632,76,70,70,54,54,54,-1,4,5,3
633,83,70,70,54,54,54,-1,4,5,3
650,78,70,70,54,54,54,-1,4,5,3
656,77,70,70,54,54,54,-1,4,5,3
658,72,70,70,54,54,54,-1,4,5,3
584,90,71,71,55,55,55,43,4,5,3
588,85,71,71,55,55,55,-1,4,5,3
602,87,71,71,55,55,55,-1,4,5,3
608,86,71,71,55,55,55,-1,4,5,3
624,88,71,71,55,55,55,-1,4,5,3
642,84,71,71,55,55,55,-1,4,5,3
649,89,71,71,55,55,55,-1,4,5,3
679,93,71,71,55,55,55,46,4,5,3
687,94,71,71,55,55,55,-1,4,5,3
690,95,71,71,55,55,55,-1,4,5,3
731,91,71,71,55,55,55,43,4,5,3
760,92,71,71,55,55,55,43,4,5,3
761,92,71,71,55,55,55,46,4,5,3
581,106,72,72,56,56,56,-1,4,5,3
599,105,72,72,56,56,56,-1,4,5,3
605,101,72,72,56,56,56,-1,4,5,3
612,103,72,72,56,56,56,-1,4,5,3
634,102,72,72,56,56,56,-1,4,5,3
646,107,72,72,56,56,56,-1,4,5,3
661,97,72,72,56,56,56,-1,4,5,3
683,98,72,72,56,56,56,-1,4,5,3
697,96,72,72,56,56,56,-1,4,5,3
737,100,72,72,56,56,56,-1,4,5,3
763,104,72,72,56,56,56,-1,4,5,3
768,99,72,72,56,56,56,-1,4,5,3
582,115,73,73,57,57,57,-1,4,5,3
589,117,73,73,57,57,57,-1,4,5,3
596,118,73,73,57,57,57,-1,4,5,3
600,116,73,73,57,57,57,-1,4,5,3
615,108,73,73,57,57,57,-1,4,5,3
616,111,73,73,57,57,57,-1,4,5,3
626,110,73,73,57,57,57,-1,4,5,3
630,109,73,73,57,57,57,-1,4,5,3
638,114,73,73,57,57,57,-1,4,5,3
644,112,73,73,57,57,57,-1,4,5,3
647,113,73,73,57,57,57,-1,4,5,3
745,119,73,73,57,57,57,-1,4,5,3
670,131,74,74,58,58,58,-1,4,5,3
676,130,74,74,58,58,58,-1,4,5,3
682,129,74,74,58,58,58,-1,4,5,3
716,128,74,74,58,58,58,-1,4,5,3
722,123,74,74,58,58,58,-1,4,5,3
726,122,74,74,58,58,58,-1,4,5,3
733,121,74,74,58,58,58,-1,4,5,3
740,120,74,74,58,58,58,-1,4,5,3
747,124,74,74,58,58,58,-1,4,5,3
749,126,74,74,58,58,58,-1,4,5,3
753,127,74,74,58,58,58,-1,4,5,3
769,125,74,74,58,58,58,-1,4,5,3
585,139,75,75,59,59,59,-1,4,5,3
660,133,75,75,59,59,59,-1,4,5,3
665,132,75,75,59,59,59,-1,4,5,3
688,134,75,75,59,59,59,-1,4,5,3
692,140,75,75,59,59,59,-1,4,5,3
693,138,75,75,59,59,59,-1,4,5,3
698,141,75,75,59,59,59,-1,4,5,3
699,137,75,75,59,59,59,-1,4,5,3
703,136,75,75,59,59,59,-1,4,5,3
706,143,75,75,59,59,59,-1,4,5,3
708,135,75,75,59,59,59,-1,4,5,3
715,142,75,75,59,59,59,-1,4,5,3
659,146,76,76,60,60,60,41,4,5,3
664,147,76,76,60,60,60,41,4,5,3
668,148,76,76,60,60,60,41,4,5,3
673,149,76,76,60,60,60,-1,4,5,3
677,150,76,76,60,60,60,-1,4,5,3
681,151,76,76,60,60,60,-1,4,5,3
686,152,76,76,60,60,60,-1,4,5,3
709,144,76,76,60,60,60,-1,4,5,3
714,145,76,76,60,60,60,-1,4,5,3
751,153,76,76,60,60,60,-1,4,5,3
756,154,76,76,60,60,60,-1,4,5,3
759,155,76,76,60,60,60,-1,4,5,3
591,164,77,77,61,61,61,-1,4,5,3
592,165,77,77,61,61,61,-1,4,5,3
593,167,77,77,61,61,61,-1,4,5,3
607,166,77,77,61,61,61,-1,4,5,3
721,158,77,77,61,61,61,-1,4,5,3
725,159,77,77,61,61,61,-1,4,5,3
729,160,77,77,61,61,61,-1,4,5,3
736,161,77,77,61,61,61,-1,4,5,3
741,162,77,77,61,61,61,-1,4,5,3
744,163,77,77,61,61,61,-1,4,5,3
764,157,77,77,61,61,61,-1,4,5,3
765,156,77,77,61,61,61,-1,4,5,3
579,168,78,78,62,62,62,-1,4,5,3
590,179,78,78,62,62,62,-1,4,5,3
609,175,78,78,62,62,62,-1,4,5,3
613,172,78,78,62,62,62,-1,4,5,3
619,176,78,78,62,62,62,-1,4,5,3
621,173,78,78,62,62,62,-1,4,5,3
627,174,78,78,62,62,62,-1,4,5,3
636,178,78,78,62,62,62,-1,4,5,3
637,169,78,78,62,62,62,-1,4,5,3
652,171,78,78,62,62,62,-1,4,5,3
653,177,78,78,62,62,62,-1,4,5,3
655,170,78,78,62,62,62,-1,4,5,3
580,180,79,79,63,63,63,-1,4,5,3
597,185,79,79,63,63,63,-1,4,5,3
622,183,79,79,63,63,63,-1,4,5,3
640,184,79,79,63,63,63,-1,4,5,3
648,182,79,79,63,63,63,-1,4,5,3
669,189,79,79,63,63,63,-1,4,5,3
689,191,79,79,63,63,63,-1,4,5,3
711,190,79,79,63,63,63,-1,4,5,3
720,188,79,79,63,63,63,-1,4,5,3
730,181,79,79,63,63,63,-1,4,5,3
732,186,79,79,63,63,63,-1,4,5,3
770,187,79,79,63,63,63,-1,4,5,3
918,11,128,128,64,64,64,-1,3,5,2
919,10,128,128,64,64,64,-1,3,5,2
921,9,128,128,64,64,64,-1,3,5,2
922,7,128,128,64,64,64,-1,3,5,2
923,6,128,128,64,64,64,-1,3,5,2
924,5,128,128,64,64,64,-1,3,5,2
925,4,128,128,64,64,64,-1,3,5,2
926,3,128,128,64,64,64,-1,3,5,2
927,2,128,128,64,64,64,-1,3,5,2
928,1,128,128,64,64,64,-1,3,5,2
929,0,128,128,64,64,64,-1,3,5,2
930,8,128,128,64,64,64,-1,3,5,2
912,17,129,129,65,65,65,-1,3,5,2
913,16,129,129,65,65,65,80,3,5,2
914,15,129,129,65,65,65,-1,3,5,2
915,14,129,129,65,65,65,-1,3,5,2
916,13,129,129,65,65,65,-1,3,5,2
917,12,129,129,65,65,65,-1,3,5,2
920,18,129,129,65,65,65,-1,3,5,2
932,19,129,129,65,65,65,-1,3,5,2
933,21,129,129,65,65,65,-1,3,5,2
942,20,129,129,65,65,65,-1,3,5,2
950,23,129,129,65,65,65,-1,3,5,2
951,22,129,129,65,65,65,-1,3,5,2
938,35,130,130,66,66,66,-1,3,5,2
939,34,130,130,66,66,66,-1,3,5,2
940,33,130,130,66,66,66,-1,3,5,2
941,32,130,130,66,66,66,86,3,5,2
943,31,130,130,66,66,66,-1,3,5,2
944,29,130,130,66,66,66,-1,3,5,2
945,28,130,130,66,66,66,-1,3,5,2
946,27,130,130,66,66,66,-1,3,5,2
947,26,130,130,66,66,66,-1,3,5,2
948,25,130,130,66,66,66,-1,3,5,2
949,24,130,130,66,66,66,-1,3,5,2
952,30,130,130,66,66,66,-1,3,5,2
867,47,131,131,67,67,67,-1,3,5,2
883,46,131,131,67,67,67,-1,3,5,2
884,45,131,131,67,67,67,-1,3,5,2
885,44,131,131,67,67,67,-1,3,5,2
898,43,131,131,67,67,67,-1,3,5,2
909,42,131,131,67,67,67,-1,3,5,2
910,41,131,131,67,67,67,-1,3,5,2
911,40,131,131,67,67,67,-1,3,5,2
934,39,131,131,67,67,67,-1,3,5,2
935,38,131,131,67,67,67,-1,3,5,2
936,37,131,131,67,67,67,-1,3,5,2
937,36,131,131,67,67,67,-1,3,5,2
870,59,132,132,68,68,68,-1,3,5,2
871,58,132,132,68,68,68,-1,3,5,2
872,57,132,132,68,68,68,-1,3,5,2
873,56,132,132,68,68,68,81,3,5,2
874,56,132,132,68,68,68,88,3,5,2
875,55,132,132,68,68,68,-1,3,5,2
876,54,132,132,68,68,68,-1,3,5,2
877,53,132,132,68,68,68,-1,3,5,2
878,52,132,132,68,68,68,-1,3,5,2
879,51,132,132,68,68,68,-1,3,5,2
880,50,132,132,68,68,68,-1,3,5,2
881,49,132,132,68,68,68,-1,3,5,2
882,48,132,132,68,68,68,-1,3,5,2
868,61,133,133,69,69,69,-1,3,5,2
869,60,133,133,69,69,69,-1,3,5,2
886,62,133,133,69,69,69,-1,3,5,2
887,63,133,133,69,69,69,-1,3,5,2
888,64,133,133,69,69,69,-1,3,5,2
889,65,133,133,69,69,69,-1,3,5,2
902,71,133,133,69,69,69,-1,3,5,2
903,70,133,133,69,69,69,-1,3,5,2
904,69,133,133,69,69,69,-1,3,5,2
905,68,133,133,69,69,69,-1,3,5,2
906,67,133,133,69,69,69,-1,3,5,2
907,66,133,133,69,69,69,-1,3,5,2
890,83,134,134,70,70,70,-1,3,5,2
891,82,134,134,70,70,70,-1,3,5,2
892,81,134,134,70,70,70,-1,3,5,2
893,80,134,134,70,70,70,-1,3,5,2
894,79,134,134,70,70,70,-1,3,5,2
895,78,134,134,70,70,70,-1,3,5,2
896,77,134,134,70,70,70,-1,3,5,2
897,76,134,134,70,70,70,-1,3,5,2
899,75,134,134,70,70,70,-1,3,5,2
900,73,134,134,70,70,70,-1,3,5,2
901,72,134,134,70,70,70,-1,3,5,2
908,74,134,134,70,70,70,-1,3,5,2
866,95,135,135,71,71,71,-1,3,5,2
931,84,135,135,71,71,71,-1,3,5,2
953,85,135,135,71,71,71,-1,3,5,2
955,90,135,135,71,71,71,-1,3,5,2
956,89,135,135,71,71,71,-1,3,5,2
957,92,135,135,71,71,71,-1,3,5,2
958,87,135,135,71,71,71,-1,3,5,2
959,86,135,135,71,71,71,-1,3,5,2
960,91,135,135,71,71,71,-1,3,5,2
961,94,135,135,71,71,71,-1,3,5,2
962,88,135,135,71,71,71,-1,3,5,2
963,93,135,135,71,71,71,-1,3,5,2
773,100,136,136,72,72,72,-1,3,5,2
775,98,136,136,72,72,72,-1,3,5,2
777,99,136,136,72,72,72,-1,3,5,2
780,102,136,136,72,72,72,-1,3,5,2
783,96,136,136,72,72,72,-1,3,5,2
785,103,136,136,72,72,72,-1,3,5,2
786,97,136,136,72,72,72,-1,3,5,2
788,101,136,136,72,72,72,-1,3,5,2
838,107,136,136,72,72,72,-1,3,5,2
840,106,136,136,72,72,72,-1,3,5,2
843,105,136,136,72,72,72,-1,3,5,2
855,104,136,136,72,72,72,-1,3,5,2
829,111,137,137,73,73,73,-1,3,5,2
832,110,137,137,73,73,73,-1,3,5,2
834,109,137,137,73,73,73,-1,3,5,2
836,108,137,137,73,73,73,-1,3,5,2
845,112,137,137,73,73,73,-1,3,5,2
847,113,137,137,73,73,73,-1,3,5,2
852,119,137,137,73,73,73,-1,3,5,2
854,118,137,137,73,73,73,-1,3,5,2
857,116,137,137,73,73,73,-1,3,5,2
860,115,137,137,73,73,73,-1,3,5,2
862,114,137,137,73,73,73,-1,3,5,2
864,117,137,137,73,73,73,-1,3,5,2
792,129,138,138,74,74,74,87,3,5,2
794,128,138,138,74,74,74,87,3,5,2
796,127,138,138,74,74,74,-1,3,5,2
798,126,138,138,74,74,74,-1,3,5,2
801,125,138,138,74,74,74,-1,3,5,2
803,124,138,138,74,74,74,-1,3,5,2
805,123,138,138,74,74,74,-1,3,5,2
806,130,138,138,74,74,74,87,3,5,2
809,131,138,138,74,74,74,87,3,5,2
826,122,138,138,74,74,74,-1,3,5,2
828,121,138,138,74,74,74,-1,3,5,2
850,120,138,138,74,74,74,-1,3,5,2
810,139,139,139,75,75,75,-1,3,5,2
811,138,139,139,75,75,75,-1,3,5,2
812,140,139,139,75,75,75,-1,3,5,2
813,137,139,139,75,75,75,-1,3,5,2
814,141,139,139,75,75,75,-1,3,5,2
815,136,139,139,75,75,75,-1,3,5,2
816,142,139,139,75,75,75,-1,3,5,2
817,135,139,139,75,75,75,-1,3,5,2
819,134,139,139,75,75,75,-1,3,5,2
821,133,139,139,75,75,75,-1,3,5,2
823,132,139,139,75,75,75,-1,3,5,2
865,143,139,139,75,75,75,-1,3,5,2
791,150,140,140,76,76,76,-1,3,5,2
793,151,140,140,76,76,76,-1,3,5,2
795,152,140,140,76,76,76,-1,3,5,2
797,153,140,140,76,76,76,-1,3,5,2
799,154,140,140,76,76,76,-1,3,5,2
800,155,140,140,76,76,76,-1,3,5,2
808,149,140,140,76,76,76,89,3,5,2
818,144,140,140,76,76,76,-1,3,5,2
820,145,140,140,76,76,76,-1,3,5,2
822,146,140,140,76,76,76,-1,3,5,2
824,147,140,140,76,76,76,-1,3,5,2
825,148,140,140,76,76,76,-1,3,5,2
789,165,141,141,77,77,77,-1,3,3,2
802,156,141,141,77,77,77,-1,3,3,2
804,157,141,141,77,77,77,-1,3,3,2
807,158,141,141,77,77,77,-1,3,3,2
827,159,141,141,77,77,77,-1,3,3,2
848,160,141,141,77,77,77,-1,3,3,2
849,161,141,141,77,77,77,-1,3,3,2
851,162,141,141,77,77,77,-1,3,3,2
853,163,141,141,77,77,77,84,3,3,2
856,164,141,141,77,77,77,82,3,3,2
858,166,141,141,77,77,77,-1,3,3,2
859,167,141,141,77,77,77,-1,3,3,2
830,172,142,142,78,78,78,-1,3,3,2
831,173,142,142,78,78,78,-1,3,3,2
833,174,142,142,78,78,78,-1,3,3,2
835,175,142,142,78,78,78,-1,3,3,2
837,176,142,142,78,78,78,-1,3,3,2
839,177,142,142,78,78,78,-1,3,3,2
841,178,142,142,78,78,78,-1,3,3,2
842,179,142,142,78,78,78,-1,3,3,2
844,171,142,142,78,78,78,-1,3,3,2
846,170,142,142,78,78,78,-1,3,3,2
861,168,142,142,78,78,78,-1,3,3,2
863,169,142,142,78,78,78,-1,3,3,2
771,186,143,143,79,79,79,-1,3,3,2
772,183,143,143,79,79,79,-1,3,3,2
774,185,143,143,79,79,79,-1,3,3,2
776,189,143,143,79,79,79,-1,3,3,2
778,181,143,143,79,79,79,-1,3,3,2
779,184,143,143,79,79,79,-1,3,3,2
781,187,143,143,79,79,79,-1,3,3,2
782,190,143,143,79,79,79,-1,3,3,2
784,182,143,143,79,79,79,-1,3,3,2
787,188,143,143,79,79,79,-1,3,3,2
790,180,143,143,79,79,79,-1,3,3,2
954,191,143,143,79,79,79,-1,3,3,2
966,10,32,32,80,80,80,-1,3,3,2
980,11,32,32,80,80,80,-1,3,3,2
988,8,32,32,80,80,80,-1,3,3,2
1001,9,32,32,80,80,80,21,3,3,2
1002,9,32,32,80,80,80,24,3,3,2
1065,2,32,32,80,80,80,-1,3,3,2
1079,3,32,32,80,80,80,-1,3,3,2
1092,0,32,32,80,80,80,-1,3,3,2
1105,1,32,32,80,80,80,-1,3,3,2
1120,6,32,32,80,80,80,-1,3,3,2
1134,7,32,32,80,80,80,-1,3,3,2
1141,4,32,32,80,80,80,-1,3,3,2
1156,5,32,32,80,80,80,-1,3,3,2
992,17,33,33,81,81,81,-1,3,3,2
1006,19,33,33,81,81,81,-1,3,3,2
1022,14,33,33,81,81,81,-1,3,3,2
1032,15,33,33,81,81,81,-1,3,3,2
1035,22,33,33,81,81,81,-1,3,3,2
1037,21,33,33,81,81,81,-1,3,3,2
1040,23,33,33,81,81,81,-1,3,3,2
1043,12,33,33,81,81,81,-1,3,3,2
1053,16,33,33,81,81,81,-1,3,3,2
1059,13,33,33,81,81,81,-1,3,3,2
1114,18,33,33,81,81,81,-1,3,3,2
1116,20,33,33,81,81,81,-1,3,3,2
965,32,34,34,82,82,82,-1,3,3,2
974,30,34,34,82,82,82,-1,3,3,2
984,24,34,34,82,82,82,-1,3,3,2
986,25,34,34,82,82,82,-1,3,3,2
1012,31,34,34,82,82,82,-1,3,3,2
1064,28,34,34,82,82,82,-1,3,3,2
1093,29,34,34,82,82,82,-1,3,3,2
1098,34,34,34,82,82,82,22,3,3,2
1126,33,34,34,82,82,82,22,3,3,2
1140,26,34,34,82,82,82,-1,3,3,2
1142,27,34,34,82,82,82,-1,3,3,2
1149,35,34,34,82,82,82,-1,3,3,2
968,38,35,35,83,83,83,-1,3,3,2
990,40,35,35,83,83,83,-1,3,3,2
996,36,35,35,83,83,83,-1,3,3,2
1041,39,35,35,83,83,83,-1,3,3,2
1056,37,35,35,83,83,83,-1,3,3,2
1068,43,35,35,83,83,83,-1,3,3,2
1083,44,35,35,83,83,83,-1,3,3,2
1096,41,35,35,83,83,83,-1,3,3,2
1112,42,35,35,83,83,83,26,3,3,2
1118,46,35,35,83,83,83,-1,3,3,2
1133,47,35,35,83,83,83,-1,3,3,2
1150,45,35,35,83,83,83,-1,3,3,2
973,49,36,36,84,84,84,-1,3,3,2
982,54,36,36,84,84,84,-1,3,3,2
994,48,36,36,84,84,84,-1,3,3,2
1007,50,36,36,84,84,84,-1,3,3,2
1014,52,36,36,84,84,84,-1,3,3,2
1033,53,36,36,84,84,84,-1,3,3,2
1047,51,36,36,84,84,84,-1,3,3,2
1101,56,36,36,84,84,84,-1,3,3,2
1106,57,36,36,84,84,84,-1,3,3,2
1128,59,36,36,84,84,84,-1,3,3,2
1144,58,36,36,84,84,84,-1,3,3,2
1151,55,36,36,84,84,84,-1,3,3,2
967,70,37,37,85,85,85,-1,3,3,2
978,69,37,37,85,85,85,-1,3,3,2
983,71,37,37,85,85,85,-1,3,3,2
1003,60,37,37,85,85,85,-1,3,3,2
1010,68,37,37,85,85,85,25,3,3,2
1019,64,37,37,85,85,85,-1,3,3,2
1029,63,37,37,85,85,85,-1,3,3,2
1031,62,37,37,85,85,85,-1,3,3,2
1034,65,37,37,85,85,85,-1,3,3,2
1045,61,37,37,85,85,85,-1,3,3,2
1046,67,37,37,85,85,85,-1,3,3,2
1054,66,37,37,85,85,85,-1,3,3,2
991,73,38,38,86,86,86,-1,3,3,2
999,72,38,38,86,86,86,-1,3,3,2
1062,74,38,38,86,86,86,-1,3,3,2
1069,82,38,38,86,86,86,20,3,3,2
1076,81,38,38,86,86,86,20,3,3,2
1077,81,38,38,86,86,86,29,3,3,2
1084,80,38,38,86,86,86,20,3,3,2
1089,83,38,38,86,86,86,20,3,3,2
1123,76,38,38,86,86,86,-1,3,3,2
1131,75,38,38,86,86,86,-1,3,3,2
1137,77,38,38,86,86,86,27,3,3,2
1145,79,38,38,86,86,86,-1,3,3,2
1154,78,38,38,86,86,86,27,3,3,2
975,90,39,39,87,87,87,-1,3,5,2
977,91,39,39,87,87,87,-1,3,5,2
1023,93,39,39,87,87,87,-1,3,5,2
1042,88,39,39,87,87,87,-1,3,5,2
1051,94,39,39,87,87,87,-1,3,5,2
1066,92,39,39,87,87,87,-1,3,5,2
1091,86,39,39,87,87,87,-1,3,5,2
1095,85,39,39,87,87,87,-1,3,5,2
1100,95,39,39,87,87,87,-1,3,5,2
1103,84,39,39,87,87,87,-1,3,5,2
1119,87,39,39,87,87,87,-1,3,5,2
1153,89,39,39,87,87,87,-1,3,5,2
981,97,40,40,88,88,88,-1,3,4,2
1018,100,40,40,88,88,88,-1,3,4,2
1058,103,40,40,88,88,88,-1,3,4,2
1073,98,40,40,88,88,88,-1,3,4,2
1087,96,40,40,88,88,88,-1,3,4,2
1090,102,40,40,88,88,88,-1,3,4,2
1094,106,40,40,88,88,88,-1,3,4,2
1099,99,40,40,88,88,88,-1,3,4,2
1102,107,40,40,88,88,88,-1,3,4,2
1107,105,40,40,88,88,88,-1,3,4,2
1127,101,40,40,88,88,88,-1,3,4,2
1135,104,40,40,88,88,88,-1,3,4,2
989,118,41,41,89,89,89,-1,3,4,2
997,119,41,41,89,89,89,-1,3,4,2
1067,109,41,41,89,89,89,-1,3,4,2
1075,110,41,41,89,89,89,-1,3,4,2
1082,111,41,41,89,89,89,-1,3,4,2
1085,117,41,41,89,89,89,-1,3,4,2
1110,108,41,41,89,89,89,-1,3,4,2
1121,115,41,41,89,89,89,-1,3,4,2
1129,116,41,41,89,89,89,-1,3,4,2
1143,112,41,41,89,89,89,-1,3,4,2
1148,114,41,41,89,89,89,-1,3,4,2
1158,113,41,41,89,89,89,-1,3,4,2
964,121,42,42,90,90,90,-1,3,4,2
970,131,42,42,90,90,90,-1,3,4,2
976,122,42,42,90,90,90,-1,3,4,2
1005,120,42,42,90,90,90,-1,3,4,2
1017,127,42,42,90,90,90,-1,3,4,2
1027,128,42,42,90,90,90,-1,3,4,2
1036,126,42,42,90,90,90,-1,3,4,2
1044,124,42,42,90,90,90,-1,3,4,2
1048,123,42,42,90,90,90,-1,3,4,2
1052,125,42,42,90,90,90,-1,3,4,2
1060,130,42,42,90,90,90,-1,3,4,2
1139,129,42,42,90,90,90,-1,3,4,2
971,142,43,43,91,91,91,-1,3,2,2
972,135,43,43,91,91,91,-1,3,2,2
998,143,43,43,91,91,91,-1,3,2,2
1008,137,43,43,91,91,91,-1,3,2,2
1011,141,43,43,91,91,91,-1,3,2,2
1016,139,43,43,91,91,91,-1,3,2,2
1028,138,43,43,91,91,91,-1,3,2,2
1050,140,43,43,91,91,91,-1,3,2,2
1086,134,43,43,91,91,91,-1,3,2,2
1117,136,43,43,91,91,91,-1,3,2,2
1136,132,43,43,91,91,91,-1,3,2,2
1147,133,43,43,91,91,91,-1,3,2,2
995,155,44,44,92,92,92,-1,3,3,2
1015,154,44,44,92,92,92,-1,3,3,2
1020,152,44,44,92,92,92,23,3,3,2
1021,152,44,44,92,92,92,28,3,3,2
1025,150,44,44,92,92,92,-1,3,3,2
1061,144,44,44,92,92,92,-1,3,3,2
1072,148,44,44,92,92,92,-1,3,3,2
1104,149,44,44,92,92,92,-1,3,3,2
1113,147,44,44,92,92,92,-1,3,3,2
1122,145,44,44,92,92,92,-1,3,3,2
1124,151,44,44,92,92,92,-1,3,3,2
1138,153,44,44,92,92,92,-1,3,3,2
1157,146,44,44,92,92,92,-1,3,3,2
987,159,45,45,93,93,93,-1,3,3,2
1000,167,45,45,93,93,93,-1,3,3,2
1026,160,45,45,93,93,93,-1,3,3,2
1055,161,45,45,93,93,93,-1,3,3,2
1074,162,45,45,93,93,93,-1,3,3,2
1078,164,45,45,93,93,93,-1,3,3,2
1081,158,45,45,93,93,93,-1,3,3,2
1109,157,45,45,93,93,93,-1,3,3,2
1111,163,45,45,93,93,93,-1,3,3,2
1115,156,45,45,93,93,93,-1,3,3,2
1130,166,45,45,93,93,93,-1,3,3,2
1155,165,45,45,93,93,93,-1,3,3,2
979,168,46,46,94,94,94,-1,3,3,2
985,174,46,46,94,94,94,-1,3,3,2
1013,178,46,46,94,94,94,-1,3,3,2
1024,177,46,46,94,94,94,-1,3,3,2
1030,170,46,46,94,94,94,-1,3,3,2
1038,176,46,46,94,94,94,-1,3,3,2
1039,175,46,46,94,94,94,-1,3,3,2
1049,179,46,46,94,94,94,-1,3,3,2
1057,169,46,46,94,94,94,-1,3,3,2
1070,173,46,46,94,94,94,-1,3,3,2
1088,172,46,46,94,94,94,-1,3,3,2
1132,171,46,46,94,94,94,-1,3,3,2
969,181,47,47,95,95,95,-1,3,3,2
993,183,47,47,95,95,95,-1,3,3,2
1004,182,47,47,95,95,95,-1,3,3,2
1009,180,47,47,95,95,95,-1,3,3,2
1063,184,47,47,95,95,95,-1,3,3,2
1071,189,47,47,95,95,95,-1,3,3,2
1080,188,47,47,95,95,95,-1,3,3,2
1097,191,47,47,95,95,95,-1,3,3,2
1108,190,47,47,95,95,95,-1,3,3,2
1125,185,47,47,95,95,95,-1,3,3,2
1146,187,47,47,95,95,95,-1,3,3,2
1152,186,47,47,95,95,95,-1,3,3,2
1226,5,80,80,96,96,96,-1,4,5,3
1232,6,80,80,96,96,96,51,4,5,3
1246,8,80,80,96,96,96,-1,4,5,3
1252,9,80,80,96,96,96,-1,4,5,3
1254,7,80,80,96,96,96,-1,4,5,3
1259,0,80,80,96,96,96,-1,4,5,3
1267,1,80,80,96,96,96,-1,4,5,3
1271,2,80,80,96,96,96,-1,4,5,3
1278,3,80,80,96,96,96,-1,4,5,3
1283,4,80,80,96,96,96,-1,4,5,3
1290,10,80,80,96,96,96,-1,4,5,3
1324,11,80,80,96,96,96,-1,4,5,3
1168,21,81,81,97,97,97,-1,4,5,3
1169,20,81,81,97,97,97,-1,4,5,3
1203,22,81,81,97,97,97,-1,4,5,3
1210,23,81,81,97,97,97,-1,4,5,3
1253,19,81,81,97,97,97,-1,4,5,3
1294,15,81,81,97,97,97,-1,4,5,3
1301,16,81,81,97,97,97,-1,4,5,3
1307,17,81,81,97,97,97,-1,4,5,3
1315,18,81,81,97,97,97,51,4,5,3
1320,14,81,81,97,97,97,-1,4,5,3
1343,13,81,81,97,97,97,-1,4,5,3
1349,12,81,81,97,97,97,-1,4,5,3
1176,26,82,82,98,98,98,-1,4,5,3
1182,27,82,82,98,98,98,-1,4,5,3
1189,28,82,82,98,98,98,-1,4,5,3
1194,29,82,82,98,98,98,-1,4,5,3
1198,25,82,82,98,98,98,-1,4,5,3
1207,30,82,82,98,98,98,-1,4,5,3
1223,24,82,82,98,98,98,-1,4,5,3
1228,35,82,82,98,98,98,-1,4,5,3
1263,34,82,82,98,98,98,-1,4,5,3
1281,33,82,82,98,98,98,-1,4,5,3
1288,32,82,82,98,98,98,-1,4,5,3
1297,31,82,82,98,98,98,-1,4,5,3
1173,46,83,83,99,99,99,-1,4,5,3
1177,45,83,83,99,99,99,-1,4,5,3
1183,40,83,83,99,99,99,-1,4,5,3
1184,44,83,83,99,99,99,-1,4,5,3
1186,43,83,83,99,99,99,-1,4,5,3
1191,42,83,83,99,99,99,-1,4,5,3
1197,47,83,83,99,99,99,-1,4,5,3
1199,39,83,83,99,99,99,-1,4,5,3
1224,41,83,83,99,99,99,-1,4,5,3
1248,36,83,83,99,99,99,-1,4,5,3
1310,38,83,83,99,99,99,-1,4,5,3
1346,37,83,83,99,99,99,-1,4,5,3
1161,56,84,84,100,100,100,59,4,5,3
1162,55,84,84,100,100,100,-1,4,5,3
1166,54,84,84,100,100,100,-1,4,5,3
1201,52,84,84,100,100,100,-1,4,5,3
1205,51,84,84,100,100,100,-1,4,5,3
1211,50,84,84,100,100,100,-1,4,5,3
1214,49,84,84,100,100,100,-1,4,5,3
1218,48,84,84,100,100,100,-1,4,5,3
1222,53,84,84,100,100,100,-1,4,5,3
1308,59,84,84,100,100,100,-1,4,5,3
1313,58,84,84,100,100,100,-1,4,5,3
1317,57,84,84,100,100,100,-1,4,5,3
1289,71,85,85,101,101,101,-1,4,5,3
1295,62,85,85,101,101,101,-1,4,5,3
1299,61,85,85,101,101,101,-1,4,5,3
1303,60,85,85,101,101,101,-1,4,5,3
1322,63,85,85,101,101,101,-1,4,5,3
1323,64,85,85,101,101,101,-1,4,5,3
1326,68,85,85,101,101,101,-1,4,5,3
1333,67,85,85,101,101,101,55,4,5,3
1338,70,85,85,101,101,101,-1,4,5,3
1340,66,85,85,101,101,101,-1,4,5,3
1344,65,85,85,101,101,101,-1,4,5,3
1350,69,85,85,101,101,101,-1,4,5,3
1229,77,86,86,102,102,102,-1,4,5,3
1233,76,86,86,102,102,102,-1,4,5,3
1237,75,86,86,102,102,102,-1,4,5,3
1241,74,86,86,102,102,102,-1,4,5,3
1244,73,86,86,102,102,102,-1,4,5,3
1249,72,86,86,102,102,102,-1,4,5,3
1255,78,86,86,102,102,102,-1,4,5,3
1268,83,86,86,102,102,102,-1,4,5,3
1272,82,86,86,102,102,102,-1,4,5,3
1276,81,86,86,102,102,102,-1,4,5,3
1279,80,86,86,102,102,102,-1,4,5,3
1284,79,86,86,102,102,102,-1,4,5,3
1164,93,87,87,103,103,103,54,4,5,3
1179,92,87,87,103,103,103,54,4,5,3
1216,90,87,87,103,103,103,54,4,5,3
1235,87,87,87,103,103,103,-1,4,5,3
1260,85,87,87,103,103,103,-1,4,5,3
1262,86,87,87,103,103,103,-1,4,5,3
1265,84,87,87,103,103,103,-1,4,5,3
1274,95,87,87,103,103,103,-1,4,5,3
1316,89,87,87,103,103,103,-1,4,5,3
1319,91,87,87,103,103,103,54,4,5,3
1329,94,87,87,103,103,103,-1,4,5,3
1337,88,87,87,103,103,103,-1,4,5,3
1180,100,88,88,104,104,104,-1,4,5,3
1188,105,88,88,104,104,104,-1,4,5,3
1204,98,88,88,104,104,104,-1,4,5,3
1209,101,88,88,104,104,104,-1,4,5,3
1227,104,88,88,104,104,104,-1,4,5,3
1257,96,88,88,104,104,104,-1,4,5,3
1261,106,88,88,104,104,104,-1,4,5,3
1266,107,88,88,104,104,104,-1,4,5,3
1306,102,88,88,104,104,104,56,4,5,3
1325,103,88,88,104,104,104,56,4,5,3
1330,99,88,88,104,104,104,-1,4,5,3
1347,97,88,88,104,104,104,-1,4,5,3
1230,114,89,89,105,105,105,57,4,5,3
1234,115,89,89,105,105,105,57,4,5,3
1238,116,89,89,105,105,105,57,4,5,3
1239,113,89,89,105,105,105,57,4,5,3
1242,117,89,89,105,105,105,57,4,5,3
1245,118,89,89,105,105,105,-1,4,5,3
1250,119,89,89,105,105,105,-1,4,5,3
1269,108,89,89,105,105,105,-1,4,5,3
1273,109,89,89,105,105,105,-1,4,5,3
1277,110,89,89,105,105,105,-1,4,5,3
1280,111,89,89,105,105,105,-1,4,5,3
1285,112,89,89,105,105,105,-1,4,5,3
1287,120,90,90,106,106,106,-1,4,5,3
1292,128,90,90,106,106,106,58,4,5,3
1296,129,90,90,106,106,106,58,4,5,3
1300,130,90,90,106,106,106,-1,4,5,3
1304,131,90,90,106,106,106,-1,4,5,3
1321,127,90,90,106,106,106,58,4,5,3
1328,123,90,90,106,106,106,-1,4,5,3
1334,124,90,90,106,106,106,-1,4,5,3
1335,122,90,90,106,106,106,-1,4,5,3
1336,121,90,90,106,106,106,-1,4,5,3
1341,125,90,90,106,106,106,-1,4,5,3
1345,126,90,90,106,106,106,58,4,5,3
1159,136,91,91,107,107,107,-1,4,5,3
1167,135,91,91,107,107,107,-1,4,5,3
1170,137,91,91,107,107,107,-1,4,5,3
1172,138,91,91,107,107,107,-1,4,5,3
1202,139,91,91,107,107,107,-1,4,5,3
1206,140,91,91,107,107,107,-1,4,5,3
1212,141,91,91,107,107,107,-1,4,5,3
1215,142,91,91,107,107,107,-1,4,5,3
1219,143,91,91,107,107,107,-1,4,5,3
1309,132,91,91,107,107,107,-1,4,5,3
1314,133,91,91,107,107,107,-1,4,5,3
1318,134,91,91,107,107,107,-1,4,5,3
1160,152,92,92,108,108,108,-1,4,5,3
1174,145,92,92,108,108,108,-1,4,5,3
1178,146,92,92,108,108,108,-1,4,5,3
1187,148,92,92,108,108,108,53,4,5,3
1190,150,92,92,108,108,108,-1,4,5,3
1192,149,92,92,108,108,108,53,4,5,3
1195,147,92,92,108,108,108,-1,4,5,3
1196,144,92,92,108,108,108,-1,4,5,3
1220,151,92,92,108,108,108,-1,4,5,3
1247,155,92,92,108,108,108,-1,4,5,3
1302,153,92,92,108,108,108,-1,4,5,3
1339,154,92,92,108,108,108,-1,4,5,3
1175,165,93,93,109,109,109,-1,4,5,3
1181,164,93,93,109,109,109,-1,4,5,3
1185,163,93,93,109,109,109,-1,4,5,3
1193,162,93,93,109,109,109,-1,4,5,3
1213,167,93,93,109,109,109,-1,4,5,3
1217,161,93,93,109,109,109,-1,4,5,3
1221,166,93,93,109,109,109,-1,4,5,3
1236,158,93,93,109,109,109,-1,4,5,3
1286,156,93,93,109,109,109,-1,4,5,3
1305,157,93,93,109,109,109,-1,4,5,3
1311,160,93,93,109,109,109,-1,4,5,3
1331,159,93,93,109,109,109,-1,4,5,3
1163,170,94,94,110,110,110,-1,4,5,3
1165,171,94,94,110,110,110,-1,4,5,3
1171,174,94,94,110,110,110,-1,4,5,3
1200,169,94,94,110,110,110,-1,4,5,3
1208,168,94,94,110,110,110,-1,4,5,3
1225,172,94,94,110,110,110,-1,4,5,3
1293,176,94,94,110,110,110,-1,4,5,3
1298,175,94,94,110,110,110,-1,4,5,3
1312,173,94,94,110,110,110,-1,4,5,3
1332,179,94,94,110,110,110,-1,4,5,3
1342,178,94,94,110,110,110,-1,4,5,3
1348,177,94,94,110,110,110,-1,4,5,3
1231,185,95,95,111,111,111,-1,4,5,3
1240,184,95,95,111,111,111,-1,4,5,3
1243,183,95,95,111,111,111,-1,4,5,3
1251,182,95,95,111,111,111,-1,4,5,3
1256,186,95,95,111,111,111,-1,4,5,3
1258,191,95,95,111,111,111,-1,4,5,3
1264,190,95,95,111,111,111,-1,4,5,3
1270,189,95,95,111,111,111,-1,4,5,3
1275,188,95,95,111,111,111,-1,4,5,3
1282,187,95,95,111,111,111,-1,4,5,3
1291,181,95,95,111,111,111,-1,4,5,3
1327,180,95,95,111,111,111,-1,4,5,3
1367,11,112,112,112,112,112,-1,3,5,2
1369,10,112,112,112,112,112,-1,3,5,2
1371,9,112,112,112,112,112,-1,3,5,2
1374,8,112,112,112,112,112,-1,3,5,2
1376,7,112,112,112,112,112,-1,3,5,2
1379,6,112,112,112,112,112,-1,3,5,2
1381,5,112,112,112,112,112,-1,3,5,2
1383,4,112,112,112,112,112,-1,3,5,2
1385,3,112,112,112,112,112,-1,3,5,2
1387,2,112,112,112,112,112,-1,3,5,2
1389,1,112,112,112,112,112,-1,3,5,2
1391,0,112,112,112,112,112,-1,3,5,2
1363,13,113,113,113,113,113,-1,3,5,2
1365,12,113,113,113,113,113,-1,3,5,2
1394,14,113,113,113,113,113,-1,3,5,2
1395,15,113,113,113,113,113,-1,3,5,2
1407,23,113,113,113,113,113,-1,3,5,2
1409,22,113,113,113,113,113,-1,3,5,2
1411,21,113,113,113,113,113,78,3,5,2
1413,20,113,113,113,113,113,78,3,5,2
1415,19,113,113,113,113,113,-1,3,5,2
1417,18,113,113,113,113,113,-1,3,5,2
1420,17,113,113,113,113,113,-1,3,5,2
1422,16,113,113,113,113,113,-1,3,5,2
1352,30,114,114,114,114,114,-1,3,5,2
1353,33,114,114,114,114,114,-1,3,5,2
1355,32,114,114,114,114,114,-1,3,5,2
1357,29,114,114,114,114,114,-1,3,5,2
1360,31,114,114,114,114,114,-1,3,5,2
1362,28,114,114,114,114,114,-1,3,5,2
1397,27,114,114,114,114,114,-1,3,5,2
1400,26,114,114,114,114,114,-1,3,5,2
1402,25,114,114,114,114,114,-1,3,5,2
1405,24,114,114,114,114,114,-1,3,5,2
1514,35,114,114,114,114,114,-1,3,5,2
1519,34,114,114,114,114,114,-1,3,5,2
1443,47,115,115,115,115,115,-1,3,5,2
1447,46,115,115,115,115,115,-1,3,5,2
1453,45,115,115,115,115,115,-1,3,5,2
1493,39,115,115,115,115,115,-1,3,5,2
1498,38,115,115,115,115,115,-1,3,5,2
1502,37,115,115,115,115,115,-1,3,5,2
1508,36,115,115,115,115,115,-1,3,5,2
1523,40,115,115,115,115,115,-1,3,5,2
1524,44,115,115,115,115,115,-1,3,5,2
1529,43,115,115,115,115,115,-1,3,5,2
1537,42,115,115,115,115,115,-1,3,5,2
1542,41,115,115,115,115,115,73,3,5,2
1429,50,116,116,116,116,116,-1,3,5,2
1435,49,116,116,116,116,116,-1,3,5,2
1437,48,116,116,116,116,116,-1,3,5,2
1461,56,116,116,116,116,116,72,3,5,2
1462,56,116,116,116,116,116,75,3,5,2
1466,57,116,116,116,116,116,75,3,5,2
1467,55,116,116,116,116,116,-1,3,5,2
1473,54,116,116,116,116,116,-1,3,5,2
1476,53,116,116,116,116,116,-1,3,5,2
1477,58,116,116,116,116,116,-1,3,5,2
1482,52,116,116,116,116,116,-1,3,5,2
1487,59,116,116,116,116,116,-1,3,5,2
1488,51,116,116,116,116,116,-1,3,5,2
1428,60,117,117,117,117,117,-1,3,5,2
1430,70,117,117,117,117,117,-1,3,5,2
1445,69,117,117,117,117,117,-1,3,5,2
1449,61,117,117,117,117,117,-1,3,5,2
1452,71,117,117,117,117,117,-1,3,5,2
1499,67,117,117,117,117,117,-1,3,5,2
1504,64,117,117,117,117,117,-1,3,5,2
1512,66,117,117,117,117,117,-1,3,5,2
1518,65,117,117,117,117,117,-1,3,5,2
1528,68,117,117,117,117,117,-1,3,5,2
1530,62,117,117,117,117,117,-1,3,5,2
1534,63,117,117,117,117,117,-1,3,5,2
1432,76,118,118,118,118,118,-1,3,5,2
1439,77,118,118,118,118,118,-1,3,5,2
1448,78,118,118,118,118,118,-1,3,5,2
1459,75,118,118,118,118,118,-1,3,5,2
1463,72,118,118,118,118,118,-1,3,5,2
1472,73,118,118,118,118,118,-1,3,5,2
1474,79,118,118,118,118,118,-1,3,5,2
1483,74,118,118,118,118,118,-1,3,5,2
1500,83,118,118,118,118,118,-1,3,5,2
1521,82,118,118,118,118,118,-1,3,5,2
1531,80,118,118,118,118,118,-1,3,5,2
1543,81,118,118,118,118,118,-1,3,5,2
1373,94,119,119,119,119,119,-1,3,5,2
1399,92,119,119,119,119,119,-1,3,5,2
1419,93,119,119,119,119,119,-1,3,5,2
1427,95,119,119,119,119,119,71,3,5,2
1464,87,119,119,119,119,119,-1,3,5,2
1471,89,119,119,119,119,119,-1,3,5,2
1492,90,119,119,119,119,119,-1,3,5,2
1507,84,119,119,119,119,119,-1,3,5,2
1513,91,119,119,119,119,119,76,3,5,2
1515,85,119,119,119,119,119,-1,3,5,2
1522,88,119,119,119,119,119,-1,3,5,2
1539,86,119,119,119,119,119,-1,3,5,2
1354,99,120,120,120,120,120,-1,3,5,2
1378,96,120,120,120,120,120,-1,3,5,2
1404,98,120,120,120,120,120,-1,3,5,2
1424,97,120,120,120,120,120,-1,3,5,2
1454,102,120,120,120,120,120,-1,3,5,2
1481,101,120,120,120,120,120,-1,3,5,2
1486,103,120,120,120,120,120,-1,3,5,2
1494,104,120,120,120,120,120,-1,3,5,2
1503,107,120,120,120,120,120,-1,3,5,2
1510,106,120,120,120,120,120,70,3,5,2
1516,105,120,120,120,120,120,-1,3,5,2
1533,100,120,120,120,120,120,-1,3,5,2
1434,114,121,121,121,121,121,74,3,5,2
1441,113,121,121,121,121,121,-1,3,5,2
1450,112,121,121,121,121,121,-1,3,5,2
1458,115,121,121,121,121,121,-1,3,5,2
1468,118,121,121,121,121,121,-1,3,5,2
1475,117,121,121,121,121,121,-1,3,5,2
1484,116,121,121,121,121,121,-1,3,5,2
1491,119,121,121,121,121,121,77,3,5,2
1495,108,121,121,121,121,121,-1,3,5,2
1525,111,121,121,121,121,121,-1,3,5,2
1532,110,121,121,121,121,121,-1,3,5,2
1538,109,121,121,121,121,121,-1,3,5,2
1431,125,122,122,122,122,122,-1,3,5,2
1438,121,122,122,122,122,122,-1,3,5,2
1444,130,122,122,122,122,122,-1,3,5,2
1455,129,122,122,122,122,122,-1,3,5,2
1457,131,122,122,122,122,122,-1,3,5,2
1479,120,122,122,122,122,122,-1,3,5,2
1496,127,122,122,122,122,122,-1,3,5,2
1506,124,122,122,122,122,122,-1,3,5,2
1509,126,122,122,122,122,122,-1,3,5,2
1526,122,122,122,122,122,122,-1,3,5,2
1535,128,122,122,122,122,122,-1,3,5,2
1541,123,122,122,122,122,122,-1,3,5,2
1433,141,123,123,123,123,123,-1,3,5,2
1436,142,123,123,123,123,123,-1,3,5,2
1440,143,123,123,123,123,123,-1,3,5,2
1456,140,123,123,123,123,123,-1,3,5,2
1460,134,123,123,123,123,123,-1,3,5,2
1465,135,123,123,123,123,123,-1,3,5,2
1469,133,123,123,123,123,123,-1,3,5,2
1470,136,123,123,123,123,123,-1,3,5,2
1478,132,123,123,123,123,123,-1,3,5,2
1480,138,123,123,123,123,123,-1,3,5,2
1485,139,123,123,123,123,123,-1,3,5,2
1489,137,123,123,123,123,123,-1,3,5,2
1361,148,124,124,124,124,124,-1,3,5,2
1446,144,124,124,124,124,124,-1,3,5,2
1451,145,124,124,124,124,124,-1,3,5,2
1490,146,124,124,124,124,124,-1,3,5,2
1497,152,124,124,124,124,124,-1,3,5,2
1501,153,124,124,124,124,124,-1,3,5,2
1505,154,124,124,124,124,124,-1,3,5,2
1511,155,124,124,124,124,124,-1,3,5,2
1520,151,124,124,124,124,124,-1,3,5,2
1527,147,124,124,124,124,124,-1,3,5,2
1536,149,124,124,124,124,124,-1,3,5,2
1540,150,124,124,124,124,124,-1,3,5,2
1351,160,125,125,125,125,125,-1,3,4,2
1356,161,125,125,125,125,125,-1,3,4,2
1358,158,125,125,125,125,125,-1,3,4,2
1359,159,125,125,125,125,125,-1,3,4,2
1393,162,125,125,125,125,125,-1,3,4,2
1396,163,125,125,125,125,125,-1,3,4,2
1398,164,125,125,125,125,125,79,3,4,2
1401,165,125,125,125,125,125,-1,3,4,2
1403,166,125,125,125,125,125,-1,3,4,2
1406,167,125,125,125,125,125,-1,3,4,2
1426,157,125,125,125,125,125,-1,3,4,2
1517,156,125,125,125,125,125,-1,3,4,2
1364,178,126,126,126,126,126,-1,3,4,2
1366,179,126,126,126,126,126,-1,3,4,2
1392,177,126,126,126,126,126,-1,3,4,2
1408,168,126,126,126,126,126,-1,3,4,2
1410,169,126,126,126,126,126,-1,3,4,2
1412,170,126,126,126,126,126,-1,3,4,2
1414,171,126,126,126,126,126,-1,3,4,2
1416,172,126,126,126,126,126,-1,3,4,2
1418,173,126,126,126,126,126,-1,3,4,2
1421,174,126,126,126,126,126,-1,3,4,2
1423,175,126,126,126,126,126,-1,3,4,2
1425,176,126,126,126,126,126,-1,3,4,2
1368,180,127,127,127,127,127,-1,3,4,2
1370,181,127,127,127,127,127,-1,3,4,2
1372,182,127,127,127,127,127,-1,3,4,2
1375,183,127,127,127,127,127,-1,3,4,2
1377,184,127,127,127,127,127,-1,3,4,2
1380,185,127,127,127,127,127,-1,3,4,2
1382,186,127,127,127,127,127,-1,3,4,2
1384,187,127,127,127,127,127,-1,3,4,2
1386,188,127,127,127,127,127,-1,3,4,2
1388,189,127,127,127,127,127,-1,3,4,2
1390,190,127,127,127,127,127,-1,3,4,2
1442,191,127,127,127,127,127,-1,3,4,2
1554,11,16,16,128,128,128,-1,2,1,1
1557,10,16,16,128,128,128,-1,2,1,1
1565,9,16,16,128,128,128,18,2,1,1
1571,3,16,16,128,128,128,-1,2,1,1
1576,4,16,16,128,128,128,-1,2,1,1
1577,2,16,16,128,128,128,-1,2,1,1
1582,1,16,16,128,128,128,-1,2,1,1
1587,0,16,16,128,128,128,-1,2,1,1
1596,8,16,16,128,128,128,16,2,1,1
1597,8,16,16,128,128,128,18,2,1,1
1603,7,16,16,128,128,128,16,2,1,1
1607,6,16,16,128,128,128,-1,2,1,1
1614,5,16,16,128,128,128,-1,2,1,1
1544,12,17,17,129,129,129,-1,1,1,1
1684,17,17,17,129,129,129,-1,1,1,1
1691,16,17,17,129,129,129,-1,1,1,1
1692,18,17,17,129,129,129,-1,1,1,1
1696,15,17,17,129,129,129,-1,1,1,1
1702,14,17,17,129,129,129,-1,1,1,1
1707,13,17,17,129,129,129,-1,1,1,1
1710,23,17,17,129,129,129,-1,1,1,1
1717,22,17,17,129,129,129,-1,1,1,1
1721,21,17,17,129,129,129,-1,1,1,1
1727,20,17,17,129,129,129,-1,1,1,1
1732,19,17,17,129,129,129,-1,1,1,1
1622,28,18,18,130,130,130,-1,1,1,1
1628,27,18,18,130,130,130,-1,1,1,1
1634,26,18,18,130,130,130,-1,1,1,1
1639,25,18,18,130,130,130,-1,1,1,1
1645,24,18,18,130,130,130,-1,1,1,1
1649,29,18,18,130,130,130,-1,1,1,1
1651,35,18,18,130,130,130,-1,1,1,1
1653,33,18,18,130,130,130,14,1,1,1
1659,32,18,18,130,130,130,-1,1,1,1
1665,31,18,18,130,130,130,-1,1,1,1
1670,30,18,18,130,130,130,-1,1,1,1
1686,34,18,18,130,130,130,-1,1,1,1
1620,43,19,19,131,131,131,-1,1,1,1
1626,44,19,19,131,131,131,12,1,1,1
1629,45,19,19,131,131,131,-1,1,1,1
1633,46,19,19,131,131,131,-1,1,1,1
1637,47,19,19,131,131,131,-1,1,1,1
1648,42,19,19,131,131,131,-1,1,1,1
1656,36,19,19,131,131,131,-1,1,1,1
1660,37,19,19,131,131,131,-1,1,1,1
1666,39,19,19,131,131,131,-1,1,1,1
1669,40,19,19,131,131,131,-1,1,1,1
1673,41,19,19,131,131,131,11,1,1,1
1676,38,19,19,131,131,131,-1,1,1,1
1640,48,20,20,132,132,132,-1,1,1,1
1643,49,20,20,132,132,132,-1,1,1,1
1678,50,20,20,132,132,132,-1,1,1,1
1680,59,20,20,132,132,132,-1,1,1,1
1711,51,20,20,132,132,132,-1,1,1,1
1715,52,20,20,132,132,132,-1,1,1,1
1719,53,20,20,132,132,132,-1,1,1,1
1722,58,20,20,132,132,132,-1,1,1,1
1723,54,20,20,132,132,132,-1,1,1,1
1725,55,20,20,132,132,132,-1,1,1,1
1730,56,20,20,132,132,132,-1,1,1,1
1733,57,20,20,132,132,132,-1,1,1,1
1545,69,21,21,133,133,133,-1,1,1,1
1547,68,21,21,133,133,133,-1,1,1,1
1550,70,21,21,133,133,133,-1,1,1,1
1555,71,21,21,133,133,133,-1,1,1,1
1561,67,21,21,133,133,133,-1,1,1,1
1617,66,21,21,133,133,133,-1,1,1,1
1683,60,21,21,133,133,133,-1,1,1,1
1689,61,21,21,133,133,133,-1,1,1,1
1693,62,21,21,133,133,133,-1,1,1,1
1695,63,21,21,133,133,133,-1,1,1,1
1700,64,21,21,133,133,133,-1,1,1,1
1705,65,21,21,133,133,133,-1,1,1,1
1566,80,22,22,134,134,134,17,1,1,1
1569,81,22,22,134,134,134,-1,1,1,1
1573,82,22,22,134,134,134,-1,1,1,1
1588,83,22,22,134,134,134,-1,1,1,1
1590,79,22,22,134,134,134,17,1,1,1
1594,73,22,22,134,134,134,-1,1,1,1
1599,74,22,22,134,134,134,-1,1,1,1
1602,75,22,22,134,134,134,-1,1,1,1
1606,76,22,22,134,134,134,-1,1,1,1
1608,77,22,22,134,134,134,-1,1,1,1
1612,78,22,22,134,134,134,-1,1,1,1
1616,72,22,22,134,134,134,-1,1,1,1
1552,88,23,23,135,135,135,-1,1,2,1
1580,84,23,23,135,135,135,-1,1,2,1
1585,85,23,23,135,135,135,-1,1,2,1
1609,95,23,23,135,135,135,-1,1,2,1
1615,87,23,23,135,135,135,-1,1,2,1
1654,92,23,23,135,135,135,-1,1,2,1
1662,93,23,23,135,135,135,-1,1,2,1
1675,91,23,23,135,135,135,-1,1,2,1
1687,89,23,23,135,135,135,-1,1,2,1
1698,94,23,23,135,135,135,-1,1,2,1
1714,90,23,23,135,135,135,-1,1,2,1
1737,86,23,23,135,135,135,-1,1,2,1
1556,97,24,24,136,136,136,-1,1,1,1
1575,105,24,24,136,136,136,-1,1,1,1
1581,107,24,24,136,136,136,-1,1,1,1
1583,96,24,24,136,136,136,-1,1,1,1
1586,106,24,24,136,136,136,-1,1,1,1
1598,104,24,24,136,136,136,-1,1,1,1
1623,99,24,24,136,136,136,-1,1,1,1
1632,101,24,24,136,136,136,-1,1,1,1
1658,100,24,24,136,136,136,-1,1,1,1
1703,103,24,24,136,136,136,-1,1,1,1
1728,102,24,24,136,136,136,-1,1,1,1
1734,98,24,24,136,136,136,-1,1,1,1
1564,115,25,25,137,137,137,-1,1,1,1
1567,111,25,25,137,137,137,-1,1,1,1
1570,110,25,25,137,137,137,-1,1,1,1
1574,109,25,25,137,137,137,-1,1,1,1
1578,108,25,25,137,137,137,-1,1,1,1
1589,112,25,25,137,137,137,-1,1,1,1
1592,119,25,25,137,137,137,-1,1,1,1
1595,118,25,25,137,137,137,-1,1,1,1
1601,117,25,25,137,137,137,-1,1,1,1
1604,116,25,25,137,137,137,-1,1,1,1
1610,114,25,25,137,137,137,-1,1,1,1
1613,113,25,25,137,137,137,-1,1,1,1
1546,120,26,26,138,138,138,-1,1,1,1
1548,121,26,26,138,138,138,-1,1,1,1
1549,125,26,26,138,138,138,-1,1,1,1
1558,124,26,26,138,138,138,-1,1,1,1
1560,123,26,26,138,138,138,-1,1,1,1
1563,122,26,26,138,138,138,-1,1,1,1
1619,126,26,26,138,138,138,-1,1,1,1
1685,131,26,26,138,138,138,-1,1,1,1
1690,130,26,26,138,138,138,-1,1,1,1
1694,129,26,26,138,138,138,-1,1,1,1
1697,128,26,26,138,138,138,-1,1,1,1
1701,127,26,26,138,138,138,-1,1,1,1
1641,143,27,27,139,139,139,-1,1,1,1
1644,142,27,27,139,139,139,-1,1,1,1
1679,141,27,27,139,139,139,-1,1,1,1
1682,132,27,27,139,139,139,10,1,1,1
1708,133,27,27,139,139,139,-1,1,1,1
1712,140,27,27,139,139,139,-1,1,1,1
1716,139,27,27,139,139,139,-1,1,1,1
1720,138,27,27,139,139,139,-1,1,1,1
1726,136,27,27,139,139,139,-1,1,1,1
1731,135,27,27,139,139,139,-1,1,1,1
1735,134,27,27,139,139,139,-1,1,1,1
1736,137,27,27,139,139,139,-1,1,1,1
1621,148,28,28,140,140,140,-1,1,1,1
1627,147,28,28,140,140,140,-1,1,1,1
1630,146,28,28,140,140,140,-1,1,1,1
1635,145,28,28,140,140,140,-1,1,1,1
1638,144,28,28,140,140,140,-1,1,1,1
1647,149,28,28,140,140,140,-1,1,1,1
1657,155,28,28,140,140,140,-1,1,1,1
1661,154,28,28,140,140,140,-1,1,1,1
1664,153,28,28,140,140,140,-1,1,1,1
1668,152,28,28,140,140,140,-1,1,1,1
1671,151,28,28,140,140,140,15,1,1,1
1674,150,28,28,140,140,140,-1,1,1,1
1618,157,29,29,141,141,141,-1,1,1,1
1624,164,29,29,141,141,141,13,1,1,1
1625,164,29,29,141,141,141,19,1,1,1
1631,165,29,29,141,141,141,19,1,1,1
1636,166,29,29,141,141,141,19,1,1,1
1642,167,29,29,141,141,141,19,1,1,1
1646,163,29,29,141,141,141,19,1,1,1
1650,158,29,29,141,141,141,-1,1,1,1
1652,156,29,29,141,141,141,-1,1,1,1
1655,159,29,29,141,141,141,-1,1,1,1
1663,160,29,29,141,141,141,-1,1,1,1
1667,161,29,29,141,141,141,19,1,1,1
1672,162,29,29,141,141,141,19,1,1,1
1553,179,30,30,142,142,142,-1,1,1,1
1677,168,30,30,142,142,142,-1,1,1,1
1681,174,30,30,142,142,142,-1,1,1,1
1688,175,30,30,142,142,142,-1,1,1,1
1699,177,30,30,142,142,142,-1,1,1,1
1704,178,30,30,142,142,142,-1,1,1,1
1706,176,30,30,142,142,142,-1,1,1,1
1709,173,30,30,142,142,142,-1,1,1,1
1713,169,30,30,142,142,142,-1,1,1,1
1718,170,30,30,142,142,142,-1,1,1,1
1724,171,30,30,142,142,142,-1,1,1,1
1729,172,30,30,142,142,142,-1,1,1,1
1551,181,31,31,143,143,143,-1,1,1,1
1559,180,31,31,143,143,143,-1,1,1,1
1562,182,31,31,143,143,143,-1,1,1,1
1568,188,31,31,143,143,143,-1,1,1,1
1572,189,31,31,143,143,143,-1,1,1,1
1579,190,31,31,143,143,143,-1,1,1,1
1584,191,31,31,143,143,143,-1,1,1,1
1591,187,31,31,143,143,143,-1,1,1,1
1593,183,31,31,143,143,143,-1,1,1,1
1600,184,31,31,143,143,143,-1,1,1,1
1605,185,31,31,143,143,143,-1,1,1,1
1611,186,31,31,143,143,143,-1,1,1,1
