Health_Key,Country,Date,Adults_And_Children_Living_With_HIV,Adults_Newly_Infected_With_HIV,%Births_By_Skilled_Health_Staff,Capital_Health_Expenditure_%GDP,DeathByNonCommunicableDiseasePercent,Domestic_General_Health_Expenditure_%GDP,Hospital_Beds_Per_1000ppl,Immunization_HepB3_%OneYearOld,ImmunizationMeasles%Children12To23Months,Number_Under-five_Deaths,Nurses_And_Midwives_Per_1000ppl,Physicians_Per_1000ppl,Prevalence_of_Anemia_%Non-pregnant,Prevalence_of_Anemia_%Pregnant,Prevalence_of_Overweight_%Adult,Suicide_Mortality_Rate_per_100000ppl,Survival_To_Age_65_Female,Survival_To_Age_65_Male,Total_Alcohol_Consumption_Per_Capita,Tuberculosis_Death_Rate_per_100000ppl
0,Bolivia,2005,10000.0,1000.0,71.1,0.50050497,64.6162738997523,2.75369644,1.1,85.0,89.0,14229.0,0.6084,0.3316,32.3,36.3,49.2,6.3,69.4655766,61.4583906,4.37,20.0
1,Bolivia,2006,10000.0,1000.0,71.1,0.55146682,64.6162738997523,2.61106277,1.1,83.0,88.0,13373.0,0.6084,0.3316,32.0,36.3,49.9,5.9,70.1396728,62.0370418,4.37,19.0
2,Bolivia,2007,11000.0,1000.0,71.1,0.57667035,64.6162738997523,2.77554274,1.1,84.0,86.0,12564.0,0.6084,0.3316,31.4,36.2,50.5,6.1,70.813769,62.615693,4.37,18.0
3,Bolivia,2008,11000.0,1000.0,71.1,0.49854699,64.6162738997523,2.70188808,1.1,88.0,92.0,11803.0,0.6084,0.3316,30.8,36.3,51.2,6.0,71.4069106,63.1359406,4.37,17.0
4,Bolivia,2009,11000.0,1000.0,71.1,0.61395139,64.6162738997523,3.15830708,1.1,93.0,93.0,11088.0,0.6084,0.3316,30.2,36.2,51.8,6.0,72.0000522,63.6561882,4.37,16.0
5,Bolivia,2010,12000.0,1000.0,71.1,0.43285498,64.6162738997523,3.05729294,1.1,91.0,88.0,10426.0,0.8326,0.4385,29.6,36.1,52.4,6.0,72.5931938,64.1764358,5.56,15.0
6,Bolivia,2011,12000.0,1000.0,84.0,0.47406825,64.6162738997523,3.02061009,1.07,95.0,96.0,9808.0,0.9928,0.4671,28.9,35.9,53.1,6.1,73.1863354,64.6966834,5.56,14.0
7,Bolivia,2012,12000.0,1000.0,84.8,0.52506632,64.6162738997523,2.9963541,1.1,93.0,92.0,9227.0,0.9928,0.4671,28.2,35.7,53.7,6.0,73.779477,65.216931,5.56,13.0
8,Bolivia,2013,13000.0,1000.0,73.5,0.68399805,64.6162738997523,3.26242661,1.12,87.0,87.0,8685.0,0.6961,0.4671,27.4,35.5,54.3,6.0,74.1798554,65.5199404,5.56,13.0
9,Bolivia,2014,13000.0,1000.0,73.5,0.79155195,64.6162738997523,3.69240761,1.15,85.0,89.0,8194.0,0.6961,0.4671,27.0,35.8,54.9,6.2,74.5802338,65.8229498,5.56,12.0
10,Bolivia,2015,14000.0,1000.0,72.8,0.97720146,70.2540013069343,4.30645227,1.13,89.0,95.0,7758.0,1.1914,0.4671,26.2,35.4,55.5,6.4,74.9806122,66.1259592,4.64,12.0
11,Bolivia,2016,15000.0,1000.0,89.8,0.96726048,70.2540013069343,4.4294467,1.27,87.0,94.0,7383.0,1.1179,1.5901,25.2,34.5,56.1,6.6,75.3809906,66.4289686,4.64,11.0
12,Bolivia,2017,15000.0,1000.0,99.5,0.59475273,70.2540013069343,4.44758177,1.29,84.0,83.0,7044.0,1.5589,1.0299,24.5,34.2,56.1,6.4,75.781369,66.731978,4.64,11.0
13,Bolivia,2018,16000.0,1000.0,71.5,0.77348596,70.2540013069343,4.835742,1.29,83.0,89.0,6750.0,1.5589,1.0299,24.0,33.8,56.1,6.3,76.1184064,67.0747602,4.43,11.0
14,Bolivia,2019,17000.0,1000.0,71.5,0.81315786,72.6759001252702,4.93192387,1.29,75.0,79.0,6486.0,1.5589,1.0299,23.9,33.7,56.1,6.2,76.4554438,67.4175424,4.43,10.0
15,Bolivia,2020,17000.0,1000.0,71.5,0.81315786,72.6759001252702,4.93192387,1.29,75.0,79.0,6253.0,1.5589,1.0299,23.9,33.7,56.1,6.2,76.4554438,67.4175424,4.43,11.0
16,Burundi,2005,110000.0,2700.0,31.8,0.50329405,72.6759001252702,2.06247282,1.29,87.0,87.0,37617.0,1.5589,1.0299,31.9,42.5,16.9,8.9,50.1406722,43.6006396,8.44,34.0
17,Burundi,2006,110000.0,2700.0,31.8,0.50329405,72.6759001252702,2.36401582,0.7,92.0,92.0,36555.0,1.5589,1.0299,31.2,42.0,17.3,8.9,51.5778656,45.0934158,8.44,32.0
18,Burundi,2007,100000.0,2500.0,31.8,0.50329405,72.6759001252702,2.46383524,0.7,99.0,88.0,35469.0,1.5589,1.0299,30.5,41.4,17.7,8.4,53.015059,46.586192,8.44,29.0
19,Burundi,2008,100000.0,2400.0,31.8,0.50329405,72.6759001252702,1.55912995,0.7,92.0,84.0,34397.0,1.5589,1.0299,29.9,40.9,18.2,7.9,54.0938096,47.5359656,8.44,25.0
20,Burundi,2009,98000.0,2400.0,31.8,0.10800392,72.6759001252702,2.0807476,0.7,94.0,91.0,33323.0,1.5589,1.0299,29.5,40.5,18.6,7.7,55.1725602,48.4857392,8.44,22.0
21,Burundi,2010,95000.0,2300.0,60.3,0.42581847,29.7279796994411,1.98528969,0.7,96.0,92.0,32252.0,0.6885,0.0482,29.3,40.2,19.1,7.6,56.2513108,49.4355128,7.66,21.0
22,Burundi,2011,93000.0,2100.0,60.3,0.45809051,29.7279796994411,3.47108126,1.9,96.0,93.0,31225.0,0.6667,0.0399,29.5,40.2,19.6,7.4,57.3300614,50.3852864,7.66,23.0
23,Burundi,2012,91000.0,1900.0,78.4,0.50633711,29.7279796994411,2.66949105,1.9,96.0,93.0,30151.0,0.7032,0.0539,30.0,40.4,20.1,7.1,58.408812,51.33506,7.66,22.0
24,Burundi,2013,90000.0,1800.0,78.4,0.82893938,29.7279796994411,1.54086971,1.9,96.0,98.0,29101.0,0.6926,0.0581,30.7,40.7,20.6,7.0,59.0422542,51.9521898,7.66,20.0
25,Burundi,2014,88000.0,1700.0,78.4,0.09365734,29.7279796994411,2.786798,0.79,95.0,94.0,28109.0,0.6951,0.0619,31.6,41.2,21.1,6.7,59.6756964,52.5693196,7.66,21.0
26,Burundi,2015,87000.0,1600.0,78.4,0.09443317,33.59066288402,2.41954613,0.79,94.0,93.0,27250.0,0.666,0.05,32.7,41.8,21.6,6.4,60.3091386,53.1864494,7.03,22.0
27,Burundi,2016,86000.0,1400.0,78.4,0.28771222,33.59066288402,1.91216838,0.79,94.0,93.0,26465.0,0.666,0.05,33.9,42.4,22.2,6.4,60.9425808,53.8035792,7.03,19.0
28,Burundi,2017,85000.0,1200.0,85.1,0.28771222,33.59066288402,2.04083753,0.79,91.0,90.0,25728.0,0.8526,0.1001,35.2,43.0,22.2,6.4,61.576023,54.420709,7.03,18.0
29,Burundi,2018,84000.0,1000.0,85.1,0.28771222,33.59066288402,2.28904033,0.79,90.0,88.0,25101.0,0.8526,0.1001,36.5,43.6,22.2,6.3,62.1553096,54.9498872,7.19,19.0
30,Burundi,2019,83000.0,1000.0,85.1,0.28771222,36.7638905790271,2.66726708,0.79,93.0,92.0,24471.0,0.6628,0.1001,37.9,44.2,22.2,6.2,62.7345962,55.4790654,7.19,21.0
31,Burundi,2020,83000.0,1000.0,85.1,0.28771222,36.7638905790271,2.66726708,0.79,93.0,92.0,23864.0,0.6628,0.1001,37.9,44.2,22.2,6.2,62.7345962,55.4790654,7.19,22.0
32,Canada,2005,43000.0,1000.0,98.8,0.4640432,36.7638905790271,6.59905815,3.1,14.0,94.0,2088.0,9.9467,0.1001,8.6,14.7,58.6,12.2,90.6811926,85.2858462,7.19,0.41
33,Canada,2006,45000.0,1000.0,98.8,0.48383656,36.7638905790271,6.4866991,3.02,14.0,93.0,2108.0,10.0236,1.9086,8.5,14.6,59.2,11.2,90.8129298,85.5547236,7.19,0.39
34,Canada,2007,46000.0,1000.0,98.8,0.61307919,36.7638905790271,6.57271051,2.96,14.0,94.0,2126.0,10.1208,1.9086,8.5,14.6,59.7,11.5,90.944667,85.823601,7.19,0.39
35,Canada,2008,48000.0,1000.0,98.7,0.47915494,36.7638905790271,6.70117044,2.85,28.0,93.0,2139.0,10.289,1.959,8.5,14.6,60.2,11.5,91.1181934,86.1461852,7.19,0.4
36,Canada,2009,49000.0,1000.0,98.6,0.54793304,36.7638905790271,7.52118206,2.8,42.0,91.0,2147.0,10.3743,1.959,8.5,14.6,60.7,12.0,91.2917198,86.4687694,7.19,0.25
37,Canada,2010,50000.0,1000.0,98.5,0.58610934,88.7360795967705,7.47694063,2.78,56.0,90.0,2148.0,9.3233,2.0384,8.5,14.6,61.2,12.1,91.4652462,86.7913536,10.1,0.27
38,Canada,2011,52000.0,1000.0,98.4,0.55770832,88.7360795967705,7.30276871,2.8,70.0,88.0,2142.0,9.2368,2.0384,8.6,14.6,61.7,11.3,91.6387726,87.1139378,10.1,0.29
39,Canada,2012,53000.0,1000.0,98.1,0.55659932,88.7360795967705,7.4011817,2.79,70.0,89.0,2129.0,9.3473,2.3962,8.7,14.7,62.2,11.8,91.812299,87.436522,10.1,0.27
40,Canada,2013,54000.0,1000.0,98.0,0.48322916,88.7360795967705,7.3582077,2.72,55.0,90.0,2110.0,9.4788,2.4509,8.8,14.8,62.7,12.1,91.8826254,87.554987,10.1,0.3
41,Canada,2014,55000.0,1000.0,97.9,0.43591252,88.7360795967705,7.23180246,2.67,55.0,90.0,2086.0,9.7475,2.4961,8.9,15.0,63.2,12.7,91.9529518,87.673452,10.1,0.3
42,Canada,2015,57000.0,1000.0,97.9,0.45552984,88.6363987933695,7.58065939,2.62,69.0,89.0,2061.0,9.8188,2.5388,9.1,15.2,63.7,13.0,92.0232782,87.791917,8.88,0.34
43,Canada,2016,58000.0,1000.0,97.8,0.42354,88.6363987933695,7.67784119,2.6,70.0,89.0,2035.0,9.9194,2.3105,9.3,15.4,64.1,11.9,92.0936046,87.910382,8.88,0.28
44,Canada,2017,60000.0,1000.0,97.9,0.38220248,88.6363987933695,7.56277943,2.53,71.0,90.0,2009.0,9.9491,2.6102,9.5,15.5,64.1,13.0,92.163931,88.028847,8.88,0.28
45,Canada,2018,62000.0,1000.0,98.0,0.38234833,88.6363987933695,7.58277988,2.55,71.0,90.0,1984.0,9.9874,2.4251,9.8,15.7,64.1,12.0,92.2575774,88.2719362,8.94,0.27
46,Canada,2019,62000.0,1000.0,98.0,0.39864108,89.8086329490656,7.60929585,2.52,74.0,90.0,1958.0,11.812,2.4425,10.2,16.0,64.1,11.8,92.3512238,88.5150254,8.94,0.21
47,Canada,2020,62000.0,1000.0,98.0,0.39864108,89.8086329490656,7.60929585,2.52,74.0,90.0,1929.0,11.812,2.4425,10.2,16.0,64.1,11.8,92.3512238,88.5150254,8.94,0.21
48,Chad,2005,100000.0,5600.0,98.0,0.39864108,89.8086329490656,1.42997229,0.4,74.0,27.0,78507.0,11.812,2.4425,52.0,54.0,18.1,7.5,43.282788,38.6758054,4.62,31.0
49,Chad,2006,100000.0,5300.0,98.0,0.39864108,89.8086329490656,0.99539059,0.4,74.0,39.0,79003.0,0.1808,0.0352,51.8,53.7,18.5,7.5,43.678312,39.0922342,4.62,32.0
50,Chad,2007,100000.0,5100.0,98.0,0.39864108,89.8086329490656,1.02279294,0.4,74.0,31.0,79304.0,0.1808,0.0352,51.5,53.3,18.9,7.7,44.073836,39.508663,4.62,33.0
51,Chad,2008,100000.0,5100.0,98.0,0.39864108,89.8086329490656,0.7953034,0.4,17.0,27.0,79353.0,0.1808,0.0352,51.1,52.8,19.3,7.5,44.8768768,40.1805316,4.62,30.0
52,Chad,2009,110000.0,4600.0,98.0,0.39864108,89.8086329490656,0.92613435,0.4,24.0,36.0,79208.0,0.1808,0.0352,50.6,52.3,19.8,7.6,45.6799176,40.8524002,4.62,27.0
53,Chad,2010,110000.0,4300.0,16.6,0.39864108,23.2731350349084,0.85190225,0.4,39.0,46.0,78909.0,0.1808,0.0352,50.1,51.8,20.2,7.7,46.4829584,41.5242688,6.58,25.0
54,Chad,2011,110000.0,4000.0,16.6,0.76795876,23.2731350349084,0.83746195,0.4,33.0,54.0,78495.0,0.1808,0.0352,49.5,51.2,20.7,7.7,47.2859992,42.1961374,6.58,23.0
55,Chad,2012,110000.0,4000.0,16.6,0.76795876,23.2731350349084,0.95546544,0.4,40.0,63.0,78005.0,0.2782,0.0413,49.0,50.6,21.1,7.6,48.08904,42.868006,6.58,23.0
56,Chad,2013,110000.0,3900.0,16.6,0.76795876,23.2731350349084,1.13619936,0.4,39.0,57.0,77466.0,0.3383,0.0433,48.5,50.0,21.6,7.4,48.5098724,43.2756824,6.58,23.0
57,Chad,2014,110000.0,3700.0,16.6,0.76795876,23.2731350349084,1.23446512,0.4,36.0,45.0,76938.0,0.2639,0.0445,48.0,49.3,22.1,7.1,48.9307048,43.6833588,6.58,22.0
58,Chad,2015,110000.0,3400.0,24.3,0.76795876,25.5950533243489,0.96198434,0.4,42.0,46.0,76381.0,0.2525,0.0493,47.4,48.6,22.6,6.8,49.3515372,44.0910352,1.45,23.0
59,Chad,2016,110000.0,3000.0,24.3,0.76795876,25.5950533243489,0.82245696,0.4,41.0,37.0,75645.0,0.2133,0.0371,46.9,47.8,23.1,6.7,49.7723696,44.4987116,1.45,25.0
60,Chad,2017,110000.0,3000.0,24.3,0.76795876,25.5950533243489,0.69614929,0.4,41.0,37.0,74782.0,0.2322,0.0434,46.4,47.0,23.1,6.7,50.193202,44.906388,1.45,24.0
61,Chad,2018,110000.0,3000.0,24.3,0.76795876,25.5950533243489,0.69780171,0.4,46.0,42.0,73875.0,0.2322,0.0434,45.9,46.2,23.1,6.6,50.6082618,45.2766954,1.37,23.0
62,Chad,2019,110000.0,2700.0,24.3,0.76795876,26.9854526457781,0.75380653,0.4,50.0,41.0,72864.0,0.1377,0.0542,45.5,45.3,23.1,6.4,51.0233216,45.6470028,1.37,22.0
63,Chad,2020,110000.0,2400.0,24.3,0.76795876,26.9854526457781,0.75380653,0.4,50.0,41.0,71959.0,0.1377,0.0542,45.5,45.3,23.1,6.4,51.0233216,45.6470028,1.37,22.0
64,Indonesia,2005,200000.0,43000.0,24.3,0.19221886,26.9854526457781,0.73213077,0.4,65.0,77.0,202096.0,0.1377,0.0542,28.9,41.3,19.8,3.0,73.128628,65.91925,0.48,50.0
65,Indonesia,2006,240000.0,46000.0,24.3,0.74896973,26.9854526457781,0.83084285,0.4,66.0,79.0,195431.0,0.1377,0.0542,28.2,40.9,20.5,2.9,73.745428,66.396816,0.48,50.0
66,Indonesia,2007,280000.0,46000.0,73.0,1.14058006,26.9854526457781,1.01869869,0.4,76.0,76.0,188740.0,0.1377,0.0542,27.6,40.6,21.2,2.9,74.362228,66.874382,0.48,49.0
67,Indonesia,2008,320000.0,45000.0,74.86,1.5462302,26.9854526457781,0.89791238,0.4,82.0,76.0,182055.0,0.1377,0.0542,27.1,40.4,21.9,2.8,74.9308286,67.3361226,0.48,48.0
68,Indonesia,2009,360000.0,45000.0,74.86,0.35963088,26.9854526457781,0.92164314,0.59,82.0,74.0,175501.0,0.1377,0.2635,26.6,40.2,22.7,2.7,75.4994292,67.7978632,0.48,48.0
69,Indonesia,2010,390000.0,45000.0,82.2,0.09928948,69.0694680236578,0.66109073,0.57,83.0,78.0,169104.0,0.1377,0.243,26.3,40.2,23.4,2.6,76.0680298,68.2596038,0.59,46.0
70,Indonesia,2011,430000.0,44000.0,82.2,0.10745579,69.0694680236578,0.70177156,0.62,81.0,80.0,162638.0,0.1377,0.243,26.2,40.3,24.2,2.6,76.6366304,68.7213444,0.59,45.0
71,Indonesia,2012,450000.0,43000.0,83.1,0.11114662,69.0694680236578,0.76724905,0.83,86.0,82.0,156290.0,0.1377,0.2007,26.3,40.6,24.9,2.5,77.205231,69.183085,0.59,43.0
72,Indonesia,2013,480000.0,40000.0,87.4,0.14210127,69.0694680236578,0.81686825,0.99,92.0,87.0,149844.0,0.1377,0.3121,26.6,41.0,25.7,2.5,77.6356866,69.579878,0.59,41.0
73,Indonesia,2014,500000.0,37000.0,87.4,0.10707583,69.0694680236578,0.99250942,0.94,88.0,86.0,143410.0,0.1377,0.3121,27.0,41.5,26.5,2.4,78.0661422,69.976671,0.59,40.0
74,Indonesia,2015,510000.0,34000.0,87.4,0.18466645,73.0713752539611,1.15799761,0.98,84.0,87.0,137076.0,1.299,0.2738,27.6,42.1,27.4,2.4,78.4965978,70.373464,0.6,37.0
75,Indonesia,2016,520000.0,31000.0,92.6,0.19835544,73.0713752539611,1.37558305,0.99,84.0,88.0,130935.0,1.299,0.2738,28.3,42.7,28.2,2.4,78.9270534,70.770257,0.6,37.0
76,Indonesia,2017,530000.0,30000.0,93.25,0.21494839,73.0713752539611,1.34984493,1.04,85.0,90.0,125143.0,2.0532,0.3767,29.0,43.2,28.2,2.4,79.357509,71.16705,0.6,36.0
77,Indonesia,2018,540000.0,28000.0,93.6,0.19273698,73.0713752539611,1.395854,1.04,85.0,89.0,119526.0,2.0532,0.4269,29.8,43.7,28.2,2.4,79.6647694,71.4542978,0.57,35.0
78,Indonesia,2019,540000.0,26000.0,94.7,0.19167218,76.3264256879934,1.42157829,1.04,85.0,88.0,114627.0,3.807,0.4651,30.6,44.2,28.2,2.4,79.9720298,71.7415456,0.57,34.0
79,Indonesia,2020,540000.0,24000.0,94.7,0.19167218,76.3264256879934,1.42157829,1.04,85.0,88.0,110042.0,3.807,0.4651,30.6,44.2,28.2,2.4,79.9720298,71.7415456,0.57,34.0
80,Mexico,2005,190000.0,14000.0,94.7,0.12093282,76.3264256879934,2.46497631,1.05,98.0,96.0,53034.0,2.2053,3.5303,19.5,25.0,58.9,4.1,83.9713496,73.7808104,6.48,2.7
81,Mexico,2006,200000.0,14000.0,93.4,0.11649629,76.3264256879934,2.4219811,1.02,98.0,96.0,50831.0,2.2215,3.762,18.9,24.5,59.5,4.0,84.0471828,73.7391522,6.48,2.5
82,Mexico,2007,200000.0,13000.0,93.7,0.09540497,76.3264256879934,2.52675962,1.06,98.0,96.0,48819.0,2.2832,3.843,18.2,24.0,60.1,4.1,84.123016,73.697494,6.48,2.2
83,Mexico,2008,210000.0,13000.0,93.7,0.12782037,76.3264256879934,2.61655498,1.03,97.0,96.0,47006.0,2.3066,3.8988,17.6,23.4,60.6,4.4,84.1074316,73.5510572,6.48,2.4
84,Mexico,2009,220000.0,14000.0,95.3,0.22113964,76.3264256879934,2.86067677,1.02,95.0,96.0,45349.0,2.3624,3.9581,17.0,22.8,61.2,4.6,84.0918472,73.4046204,6.48,2.2
85,Mexico,2010,230000.0,14000.0,94.08,0.19516744,76.0637841319078,2.8809936,1.05,93.0,95.0,43803.0,2.4118,3.9972,16.5,22.3,61.7,4.5,84.0762628,73.2581836,5.21,2.3
86,Mexico,2011,240000.0,16000.0,94.08,0.11883423,76.0637841319078,2.91415977,1.04,98.0,98.0,42317.0,2.5093,4.2008,16.0,21.9,62.3,5.2,84.0606784,73.1117468,5.21,2.3
87,Mexico,2012,250000.0,17000.0,99.6,0.1054229,76.0637841319078,3.00721955,1.03,99.0,99.0,40891.0,2.5488,4.2236,15.6,21.4,62.8,4.9,84.045094,72.96531,5.21,2.1
88,Mexico,2013,260000.0,18000.0,99.6,0.08809453,76.0637841319078,3.12253189,1.03,82.0,89.0,39492.0,2.8044,4.311,15.3,21.1,63.3,5.2,84.0406382,73.003421,5.21,2.1
89,Mexico,2014,270000.0,17000.0,95.6,0.0933276,76.0637841319078,2.89231014,1.03,84.0,97.0,38098.0,2.6798,4.4526,15.1,20.8,63.9,5.7,84.0361824,73.041532,5.21,1.9
90,Mexico,2015,280000.0,17000.0,97.7,0.07663224,79.8132340601764,2.98734331,1.0,82.0,97.0,36715.0,2.4177,4.6493,14.9,20.6,64.4,5.6,84.0317266,73.079643,4.92,1.8
91,Mexico,2016,300000.0,18000.0,96.4,0.08285465,79.8132340601764,2.84779787,1.0,93.0,96.0,35358.0,2.5103,4.6488,14.8,20.4,64.9,5.6,84.0272708,73.117754,4.92,1.8
92,Mexico,2017,310000.0,18000.0,96.4,0.07024645,79.8132340601764,2.75801349,0.99,58.0,76.0,33972.0,2.5078,4.7654,14.8,20.3,64.9,5.9,84.022815,73.155865,4.92,1.7
93,Mexico,2018,320000.0,18000.0,96.4,0.08476871,79.8132340601764,2.6718502,0.98,55.0,97.0,32617.0,3.149,4.8496,14.9,20.2,64.9,5.4,84.1076902,73.315318,5.0,1.7
94,Mexico,2019,340000.0,18000.0,96.4,0.06373785,80.4103092072542,2.67891455,0.98,56.0,73.0,31317.0,2.3646,4.8496,15.1,20.2,64.9,5.3,84.1925654,73.474771,5.0,1.7
95,Mexico,2020,340000.0,18000.0,96.4,0.06373785,80.4103092072542,2.67891455,0.98,56.0,73.0,30081.0,2.3646,4.8496,15.1,20.2,64.9,5.3,84.1925654,73.474771,5.0,1.7
96,Niger,2005,43000.0,2100.0,96.4,0.06373785,80.4103092072542,1.92017889,0.3,56.0,47.0,112458.0,2.3646,4.8496,48.7,57.1,16.9,5.3,53.0326632,49.4221352,0.25,35.0
97,Niger,2006,42000.0,1800.0,17.7,0.06373785,80.4103092072542,2.05841351,0.3,56.0,53.0,108652.0,2.3646,4.8496,48.4,57.0,17.3,5.2,53.9718026,50.2239696,0.25,31.0
98,Niger,2007,41000.0,1300.0,17.7,0.06373785,80.4103092072542,1.50168777,0.3,56.0,60.0,104876.0,2.3646,4.8496,48.3,56.8,17.7,5.3,54.910942,51.025804,0.25,28.0
99,Niger,2008,39000.0,1200.0,17.7,0.06373785,80.4103092072542,1.55048287,0.3,56.0,66.0,101203.0,0.1387,0.0189,48.1,56.7,18.2,5.2,55.9377134,51.8337162,0.25,26.0
100,Niger,2009,38000.0,1100.0,17.7,0.06373785,80.4103092072542,1.53777564,0.3,71.0,69.0,97652.0,0.2039,0.0277,47.9,56.5,18.6,5.3,56.9644848,52.6416284,0.25,23.0
101,Niger,2010,37000.0,1000.0,17.7,0.06373785,23.4406588654639,1.31193805,0.35,70.0,67.0,94332.0,0.2039,0.0277,47.7,56.3,19.1,5.3,57.9912562,53.4495406,0.31,21.0
102,Niger,2011,36000.0,1000.0,17.7,0.10135602,23.4406588654639,1.27229667,0.35,75.0,69.0,91450.0,0.2039,0.0277,47.7,56.1,19.5,5.4,59.0180276,54.2574528,0.31,21.0
103,Niger,2012,35000.0,1000.0,29.3,0.02793168,23.4406588654639,1.03993475,0.35,71.0,75.0,89162.0,0.2039,0.0535,47.9,56.0,20.0,5.5,60.044799,55.065365,0.31,19.0
104,Niger,2013,34000.0,1000.0,29.3,0.13788985,23.4406588654639,1.34044743,0.35,73.0,80.0,87289.0,0.2229,0.0511,48.0,55.9,20.5,5.5,60.8204636,55.7990564,0.31,18.0
105,Niger,2014,34000.0,1000.0,29.3,0.72487974,23.4406588654639,1.27712488,0.35,81.0,80.0,85944.0,0.3066,0.0272,48.1,55.7,21.0,5.5,61.5961282,56.5327478,0.31,18.0
106,Niger,2015,33000.0,1000.0,39.7,0.39964715,27.6083491304185,1.11163175,0.31,84.0,85.0,84709.0,0.2038,0.0472,48.3,55.6,21.5,5.4,62.3717928,57.2664392,0.55,19.0
107,Niger,2016,32000.0,1000.0,39.1,0.28526735,27.6083491304185,1.10086405,0.31,80.0,76.0,83815.0,0.2695,0.0433,48.4,55.5,22.0,5.3,63.1474574,58.0001306,0.55,20.0
108,Niger,2017,32000.0,1000.0,39.1,0.24175876,27.6083491304185,1.88447475,0.39,85.0,82.0,83031.0,0.2695,0.0433,48.5,55.3,22.0,5.3,63.923122,58.733822,0.55,18.0
109,Niger,2018,32000.0,1000.0,39.1,0.34318963,27.6083491304185,1.76169312,0.39,79.0,77.0,82367.0,0.2234,0.0433,48.6,55.1,22.0,5.3,64.532898,59.2802788,0.67,18.0
110,Niger,2019,32000.0,1000.0,39.1,0.53103089,30.3541425963808,2.02315378,0.39,81.0,79.0,81614.0,0.2234,0.0433,48.6,54.9,22.0,5.3,65.142674,59.8267356,0.67,16.0
111,Niger,2020,31000.0,1000.0,39.1,0.53103089,30.3541425963808,2.02315378,0.39,81.0,79.0,81065.0,0.2234,0.0433,48.6,54.9,22.0,5.3,65.142674,59.8267356,0.67,15.0
112,Philippines,2005,3900.0,1000.0,39.1,0.01289191,30.3541425963808,1.23873734,0.39,49.0,92.0,80246.0,4.2752,1.2289,20.9,40.2,21.9,1.9,78.2298592,63.1073346,5.67,36.0
113,Philippines,2006,5100.0,1300.0,39.1,0.00554869,30.3541425963808,1.21229088,1.07,77.0,92.0,78807.0,4.4048,1.2361,20.5,39.9,22.3,2.0,78.2655746,63.1477928,5.67,34.0
114,Philippines,2007,6700.0,1700.0,39.1,0.01991765,30.3541425963808,1.1753732,1.05,87.0,92.0,77507.0,4.6536,1.2441,19.8,39.2,22.8,1.9,78.30129,63.188251,5.67,31.0
115,Philippines,2008,8800.0,2200.0,62.2,0.01875289,30.3541425963808,1.16428411,1.04,88.0,92.0,76297.0,5.1221,1.2558,19.0,38.3,23.3,2.0,78.4085236,63.2880734,5.67,31.0
116,Philippines,2009,12000.0,3600.0,62.2,0.05443504,30.3541425963808,1.2764082,1.06,85.0,88.0,75286.0,5.647,1.2632,18.3,37.5,23.8,2.3,78.5157572,63.3878958,5.67,31.0
117,Philippines,2010,17000.0,4900.0,62.2,0.05863167,64.0094112000817,1.31791437,1.06,77.0,80.0,74382.0,5.647,1.2717,17.5,36.5,24.3,2.4,78.6229908,63.4877182,6.98,29.0
118,Philippines,2011,21000.0,5000.0,72.2,0.08022762,64.0094112000817,1.06190205,1.07,87.0,87.0,73466.0,5.647,1.2717,16.7,35.3,24.8,2.7,78.7302244,63.5875406,6.98,28.0
119,Philippines,2012,27000.0,5800.0,72.2,0.08223967,64.0094112000817,1.09802592,1.05,88.0,87.0,72356.0,5.647,1.2717,15.8,33.9,25.3,2.4,78.837458,63.687363,6.98,28.0
120,Philippines,2013,34000.0,7100.0,72.8,0.0936761,64.0094112000817,1.12044704,0.99,89.0,87.0,71149.0,5.647,1.2717,14.9,32.3,25.9,2.4,78.945291,63.9180282,6.98,27.0
121,Philippines,2014,42000.0,8500.0,72.8,0.32034129,64.0094112000817,1.26327133,0.99,67.0,79.0,69617.0,5.647,1.2717,14.2,31.1,26.4,2.3,79.053124,64.1486934,6.98,26.0
122,Philippines,2015,51000.0,9700.0,72.8,0.45595592,67.2160919773446,1.46860576,0.99,60.0,82.0,67871.0,5.647,1.2717,13.7,29.9,27.0,2.3,79.160957,64.3793586,6.7,26.0
123,Philippines,2016,61000.0,10000.0,72.8,0.48667639,67.2160919773446,1.47373426,0.99,86.0,80.0,65850.0,5.647,1.2717,13.1,28.9,27.6,2.2,79.26879,64.6100238,6.7,26.0
124,Philippines,2017,73000.0,12000.0,84.4,0.5098325,67.2160919773446,1.48271859,0.99,72.0,73.0,63681.0,5.2744,0.6004,12.6,27.7,27.6,2.2,79.376623,64.840689,6.7,26.0
125,Philippines,2018,85000.0,14000.0,84.4,0.69262439,67.2160919773446,1.53632784,0.99,65.0,67.0,61476.0,4.9351,0.6004,12.1,26.6,27.6,2.2,79.5508162,65.043157,6.86,26.0
126,Philippines,2019,100000.0,15000.0,84.4,0.58343136,69.7491443602475,1.65507495,0.99,65.0,67.0,59435.0,5.4439,0.6004,11.6,25.5,27.6,2.2,79.7250094,65.245625,6.86,26.0
127,Philippines,2020,120000.0,16000.0,84.4,0.58343136,69.7491443602475,1.65507495,0.99,65.0,67.0,57534.0,5.4439,0.6004,11.6,25.5,27.6,2.2,79.7250094,65.245625,6.86,28.0
128,United States,2005,120000.0,16000.0,99.4,0.65363973,69.7491443602475,6.62940884,3.2,93.0,92.0,32674.0,9.9177,0.6004,8.1,9.2,61.9,11.9,87.2369832,79.4108596,9.49,0.25
129,United States,2006,120000.0,16000.0,99.4,0.66477114,69.7491443602475,6.80890989,3.18,93.0,92.0,32448.0,9.9177,0.6004,8.4,9.3,62.5,12.1,87.3983026,79.6358658,9.49,0.24
130,United States,2007,120000.0,16000.0,99.3,0.717116,69.7491443602475,6.9233551,3.14,93.0,92.0,32061.0,9.9177,0.6004,8.6,9.5,63.1,12.4,87.559622,79.860872,9.49,0.21
131,United States,2008,120000.0,16000.0,99.3,0.76118088,69.7491443602475,7.25172758,3.13,94.0,92.0,31513.0,9.9177,0.6004,8.9,9.6,63.7,12.7,87.6482302,80.0166002,9.49,0.21
132,United States,2009,120000.0,16000.0,99.3,0.70491374,69.7491443602475,7.87523222,3.08,92.0,90.0,30828.0,9.9177,0.6004,9.2,9.8,64.2,12.8,87.7368384,80.1723284,9.49,0.19
133,United States,2010,960000.0,34000.0,99.4,0.68704522,88.1043193118658,7.94476509,3.05,92.0,92.0,30050.0,12.5927,0.6004,9.4,10.0,64.8,13.1,87.8254466,80.3280566,9.36,0.2
134,United States,2011,990000.0,33000.0,99.3,0.7024169,88.1043193118658,7.92789316,2.97,91.0,92.0,29249.0,12.5927,0.6004,9.8,10.2,65.3,13.4,87.9140548,80.4837848,9.36,0.19
135,United States,2012,1000000.0,33000.0,99.3,0.70865661,88.1043193118658,7.90049934,2.93,90.0,91.0,28469.0,12.5927,0.6004,10.0,10.4,65.8,13.5,88.002663,80.639513,9.36,0.17
136,United States,2013,1000000.0,31000.0,99.2,0.69361621,88.1043193118658,7.94619036,2.89,91.0,92.0,27757.0,12.5927,0.6004,10.3,10.5,66.4,13.5,87.8964036,80.4498074,9.36,0.19
137,United States,2014,1100000.0,32000.0,98.5,0.64768839,88.1043193118658,8.23888111,2.83,92.0,92.0,27137.0,12.5927,0.6004,10.5,10.7,66.9,14.0,87.7901442,80.2601018,9.36,0.16
138,United States,2015,1100000.0,32000.0,99.1,0.64494258,88.042831442106,8.45250511,2.8,92.0,92.0,26612.0,12.5927,0.6004,10.7,10.8,67.4,14.4,87.6838848,80.0703962,9.82,0.16
139,United States,2016,1100000.0,32000.0,99.1,0.63860589,88.042831442106,8.55732727,2.77,93.0,92.0,26176.0,12.5927,0.6004,11.0,11.0,67.9,15.1,87.5776254,79.8806906,9.82,0.17
140,United States,2017,1100000.0,31000.0,99.1,0.67145181,88.042831442106,8.51218987,2.87,93.0,92.0,25817.0,14.5812,0.6004,11.2,11.1,67.9,15.9,87.471366,79.690985,9.82,0.17
141,United States,2018,1200000.0,30000.0,99.1,0.66255105,88.042831442106,8.47234249,2.87,91.0,92.0,25515.0,15.685,2.6036,11.5,11.3,67.9,15.7,87.5426358,79.8041226,9.87,0.17
142,United States,2019,1200000.0,29000.0,99.1,0.67703497,88.1449804799197,8.52492332,2.87,91.0,90.0,25248.0,15.685,2.6036,11.8,11.5,67.9,16.1,87.6139056,79.9172602,9.87,0.17
143,United States,2020,1200000.0,29000.0,99.1,0.67703497,88.1449804799197,8.52492332,2.87,91.0,90.0,24976.0,15.685,2.6036,11.8,11.5,67.9,16.1,87.6139056,79.9172602,9.87,0.17
